ticker,isin,name,benchmark,benchmark_area,category,issuer
SEME.MI,IE000I8KRLL9,ISHARES MSCI GLB SEMICONDUCTOR UCITS ETF,MSCIACWI IMI SEMICOND&SEMICO EQUIP ESG SCREEN SEL,EQUITY THEMATIC,ETF,iShares
XAIX.MI,IE00BGV5VN51,XTRACKERS ART INTEL & BIG DATA UCITS ETF,NASDAQ YEWNO GLOBAL ARTIFICIAL INTELLIGENCE AND BI,EQUITY THEMATIC,ETF,Xtrackers - DWS
TNOW.MI,LU0533033667,Amundi MSCI World Info Techn UCITS ETF,MSCI WORLD INFORMATION TECHNOLOGY NTR,EQUITY SECTORS,ETF,Amundi
AICU.MI,IE00018U4PN8,AXA IM Emerg Mkts Credit PAB UCITS ETF A,ICE EMRG MARKETS CORP PARIS ALI EMISSIONS,CORPORATE BOND - EMERGING,ETF,AXA IM
EMCR.MI,IE00B6TLBW47,ISHARES JP MORG $ EM CORP BOND UCITS ETF,JP MORGAN CEMBI BROAD DIVERSIFIED CORE,CORPORATE BOND - EMERGING,ETF,iShares
EMMH.MI,IE000ZO4CUT7,L&G Emerging Markets Corporate Bond (USD) Screened UCITS ETF,J.P. MORGAN ESG CEMBI BROAD DIVERSIFIED CUSTOM MAT,CORPORATE BOND - EMERGING,ETF,Legal&General
HYEM.MI,IE00BF541080,VANECK EMER MARKETS HIGH YIELD UCITS ETF,ICE BOFAML DIV HIGH YIELD US EMERGING MARK CORP PL,CORPORATE BOND - EMERGING,ETF,VanEck
EBBB.MI,LU1525418643,AMUNDI EUR CORPORATE BOND 1-5Y ESG UCITS ETF Acc,Bloomberg MSCI ESG Euro Corporate 1-5 Year Select,CORPORATE BOND - EUR,ETF,Amundi
CBEF.MI,LU1829218822,Amudi EUR Corp Bnd ex-Fin ESG UCITS ETF,Bloomberg MSCI ESG EUR Corporate Liquid ex Financi,CORPORATE BOND - EUR,ETF,Amundi
SRIUC.MI,LU2533812058,BNP Paribas Easy EUR Corp Bond SRI Fossil Free Ultrashort Duration UCITS ETF,BLOOMBERG MSCI EUCORP ULTRASHORT FIXANDFLOAT RATE,CORPORATE BOND - EUR,ETF,BNP Paribas
SRIC3.MI,LU2008760592,BNP Paribas Easy EUR Corp Bond SRI PAB 1-3Y UCITS ETF,BLOOMB MSCI1-3Y EUR CORPSRISUSTSEL.EXFOSFUEL PAB,CORPORATE BOND - EUR,ETF,BNP Paribas
XZE5.MI,LU2178481649,EUR CORP B SH DU SRI PAB UCITS ETF,BLOOMBERG MSCI EURO CORPORATE SRI 0-5 YEAR PAB,CORPORATE BOND - EUR,ETF,Xtrackers - DWS
FAMSF3.MI,IE000W6ZFH20,Fineco AM MSCI EUR IG SRI P-Series ex Fossil Fuel (1-3y) Corporate Bond UCITS ETF,MSCI EUR IGSRI SUST EXFOSSIL FUEL 1-3Y CORP BOND,CORPORATE BOND - EUR,ETF,Fineco
FAMSFF.MI,IE000NPK2VI6,Fineco AM MSCI EUR IG SRI P-Series ex Fossil Fuel Corporate Bond UCITS ETF,MSCI EUR IG SRI SUST EXFOSSIL FUEL CORPORATE BOND,CORPORATE BOND - EUR,ETF,Fineco
HECB.MI,IE0000KA1ZX3,HSBC ICAV Euro Corp Bond UCITS ETF Acc,Bloomberg Euro Corp TR Index Unhedged EUR,CORPORATE BOND - EUR,ETF,HSBC
IQEC.MI,LU1603790731,INDEXIQ FACT SUST CORPOR EUR UCITS ETF,SOLACTIVE CANDRIAM FACTORS SUSTAINAB CORP EUR BOND,CORPORATE BOND - EUR,ETF,Candriam
IEAA.MI,IE00BF11F565,ISHARES CORE EU CORP BOND UCITS ETF ACC,Bloomberg Euro Corp TR Index Unhedged EUR,CORPORATE BOND - EUR,ETF,iShares
BE26.MI,IE000AYJ75E5,Invesco BulltShares 26 EUR Crp UCITS ETF,BLOOMBERG 2026 MAT EUR CORP BOND SCREEN,CORPORATE BOND - EUR,ETF,Invesco
COOL.MI,IE00BN4GXL63,Janus Henderson EUR IG Bond Paris-aligned Climate Core UCITS ETF Acc,SOLACTIVE ISS PARIS ALIGNED SELECT EURO CORP BOND,CORPORATE BOND - EUR,ETF,Tabula
SEUC.MI,IE00BC7GZW19,SPDR BL 0-3Y EUR CORP BOND UCITS ETF,BLOOMBERG EURO 0-3 YEAR CORPORATE BOND INDEX,CORPORATE BOND - EUR,ETF,SPDR
CBEU5.MI,LU1048314196,UBS BBG Euro Area Liquid Corp 1-5 UCITS ETF EUR dis,BLOOMBERG BARCLAYS EURO AREA LIQUID CORPORATE1-5TR,CORPORATE BOND - EUR,ETF,UBS
V3RE.MI,IE000QADMYA3,VANGUARD ESG EUR CORP BOND UCITS ETF A,BLOOMBERG MSCI EUR CORPORATE LIQUID BOND,CORPORATE BOND - EUR,ETF,Vanguard
ETFUSC.MI,LU2037749152,Amundi Core USD Corporate Bond UCITS ETF Dist,Bloomberg US Corporate Liquid Issuer Index,CORPORATE BOND - EX EUR,ETF,Amundi
USCBC.MI,LU2616774076,BNPP Easy USD Corp Bond SRI C UCITS ETF,BLOOMBERG MSCI USCORP SRI SUST EX FOSSIL FUEL BOND,CORPORATE BOND - EX EUR,ETF,BNP Paribas
FAMLSS.MI,IE000WMJVNE9,Fineco AM MSCI USD IG Liquid SRI P-Series Corporate Bond UCITS ETF,MSCI USD IG LIQUID SRI SUSTAINABLE CORPORATE BOND,CORPORATE BOND - EX EUR,ETF,Fineco
HAGG.MI,IE000XGNMWE1,HSBC BLOOMBERG GLOBAL ESG AGGREGATE 1-3 YEAR BOND UCITS ETF,BLOOMBERG MSCI GLOBAL AGGREGATE 1-3 SRI CARBON ESG,CORPORATE BOND - EX EUR,ETF,HSBC
BS26.MI,IE000O36LOH8,Invesco BulltShares 26 USD Crp UCITS ETF,BLOOMBERG 2026 MATURITY USD CORP BOND SCREENED,CORPORATE BOND - EX EUR,ETF,Invesco
XBNK.MI,IE000CWS09Q9,L&G Corporate Bond ex-Banks Higher Ratings 0-2Y UCITS ETF,JPM GLOBAL CREDIT ULTRA SHORT EX BANKS 2% ISSUER C,CORPORATE BOND - EX EUR,ETF,Legal&General
USCE.MI,IE00BFY0GV36,SPDR BBG SASB US CORP ESG EURH UCITS ETF,BLOOMBERG SASB US CORP ESG EX-CONTROV SELINDEU HED,CORPORATE BOND - EX EUR,ETF,SPDR
ECO.MI,LU2099991536,UBS BBG MSCI Global Liquid Corp Sustainable UCITS ETF USD acc,MSCI PACIFIC SOCIALLY RESPONSIBLE 5% ISSUER CAPPED,CORPORATE BOND - EX EUR,ETF,UBS
V3GF.MI,IE00BNDS1P30,VANGUARD ESG GL COR BOND UCITS ETF HDG A,BLOOM BARC MSCI GLOB CORP FLOAT-ADJUS LIQ BOND SCR,CORPORATE BOND - EX EUR,ETF,Vanguard
XZBU.MI,IE00BL58LJ19,XT USD CORPORATE BOND SRI PAB  UCITS ETF,BLOOMBERG MSCI USD LIQ INVEST GRADE CORP SRI PAB,CORPORATE BOND - EX EUR,ETF,Xtrackers - DWS
AHYE.MI,LU1681040496,AM EURO HIGH YIELD BOND ESG DR UCITS ETF,IBOXX MSCI ESG EUR HIGH YIELD CORPORATES TCA,CORPORATE BOND - HIGH YIELD,ETF,Amundi
HYSRI.MI,LU2244386053,BNP Paribas Easy EUR High Yield SRI Fossil Free UCITS ETF,BLOOMB-BARCL MSCI EURO HIGH YIELD SRI SUST EXFOSSI,CORPORATE BOND - HIGH YIELD,ETF,BNP Paribas
FAMEUS.MI,IE000O2G7VL0,Fineco AM MSCI EUR HY SRI P-Series Corporate Bond UCITS ETF,MSCI EUR HY SRI SUSTAINABLE CORPORATE BOND INDEX,CORPORATE BOND - HIGH YIELD,ETF,Fineco
XAT1.MI,IE00BFZPF439,INVESCO AT1 CAP BOND UCITS ETF EU HD DIS,IBOXX CONTING CON LIQ DEV MKT AT1 8% ISS CAP,CORPORATE BOND - HIGH YIELD,ETF,Invesco
TAEH.MI,IE000DOZYQJ7,Janus Henderson Haitong Asia ex-Japan High Yield Corp USD Bond Screened Core UCITS ETF EUR-H Dist,IBOXX MSCI ESG USD ASIA EX-JAPAN HIGH YIELD CAPPED,CORPORATE BOND - HIGH YIELD,ETF,Tabula
EUHI.MI,IE00BD8D5H32,PIMCO Advantage Euro Short-Term High Yield Corporate Bond UCITS ETF,BOFA MERRILL L 0-5 YEAR US HIGH YIELD 2% CONSTRAIN,CORPORATE BOND - HIGH YIELD,ETF,Pimco
JNKE.MI,IE00B6YX5M31,SPDR BL EURO HIGH YLD BOND UCITS ETF,BLOOMBERG LIQ SCREENED EU HIGH YLD BOND INDEX,CORPORATE BOND - HIGH YIELD,ETF,SPDR
GFA.MI,IE00BF540Z61,VANECK FALLEN ANGEL HIGH YIELD UCITS ETF,ICE Global Fallen Angel High Yield 10% Constrained,CORPORATE BOND - HIGH YIELD,ETF,VanEck
LAFRI.MI,LU1287022708,Amundi Pan Africa UCITS ETF Acc,SGI PAN AFRICA PRICE INDEX NTR,EQUITY EMERGING - AFRICA/MIDDLE EAST,ETF,Amundi
SAUDI.MI,IE000C7DDDX4,Franklin FTSE Saudi Arabia UCITS ETF,FTSE SAUDI ARABIA 30/18 CAPPED INDEX-NR,EQUITY EMERGING - AFRICA/MIDDLE EAST,ETF,Franklin Templeton
SRSA.MI,IE00B52XQP83,ISHARES MSCI SOUTH AFRICA UCITS ETF ACC,MSCI SOUTH AFRICA 20/35 INDEX,EQUITY EMERGING - AFRICA/MIDDLE EAST,ETF,iShares
AASI.MI,LU1681044480,AMUNDI MSCI EM ASIA UCITS ETF - EUR,MSCI EM ASIA TRN INDEX,EQUITY EMERGING - ASIA,ETF,Amundi
AEJ.MI,LU1900068328,Amdi MSCI AC Asia Pcfc Ex Jpn UCITS ETF,MSCI DAILY TR NET AC ASI,EQUITY EMERGING - ASIA,ETF,Amundi
CHINE.MI,LU2314312849,"BNP PARIBAS EASY MSCI China Min TE [UCITS ETF EUR, C]",MSCI China ESG Filtered Min TE Net USD Index,EQUITY EMERGING - ASIA,ETF,BNP Paribas
FLXC.MI,IE00BHZRR147,FRANKLIN FTSE CHINA UCITS ETF,FTSE CHINA 30/18 CAPPED NET TAX INDEX,EQUITY EMERGING - ASIA,ETF,Franklin Templeton
HMCA.MI,IE00BF4NQ904,HSBC MSCI CHINA A UCITS ETF,MSCI CHINA A INCLUSION INDEX,EQUITY EMERGING - ASIA,ETF,HSBC
MCHN.MI,IE00BK80XL30,INVESCO MSCI CHINA ALL SHARE UCITS ETF A,MSCI CHINA ALL SHARES STOCK CONNECT SELECT INDEX,EQUITY EMERGING - ASIA,ETF,Invesco
FXC.MI,IE00B02KXK85,ISHARES CHINA LARGE CAP UCITS ETF DIST,FTSE CHINA 50,EQUITY EMERGING - ASIA,ETF,iShares
CHIN.MI,IE0001QF56M0,KraneShares ICBCUBS S&P China 500 UCITS ETF,S&P CHINA 500,EQUITY EMERGING - ASIA,ETF,KraneShares
EMAE.MI,IE00B466KX20,SPDR MSCI EM ASIA UCITS ETF,MSCI EM ASIA TRN INDEX,EQUITY EMERGING - ASIA,ETF,SPDR
AJEUAS.MI,IE00B7WK2W23,UBS MSCI AC Asia ex Japan SF UCITS ETF USD acc,AC ASIA x JP,EQUITY EMERGING - ASIA,ETF,UBS
CNEW.MI,IE0000H445G8,VanEck New China UCITS ETF,MARKETGRADER NEW CHINA ESG INDEX,EQUITY EMERGING - ASIA,ETF,VanEck
XAXJ.MI,LU0322252171,XTR MSCI ACASIA EXJPN ESG SWAP UCITS ETF,MSCI AC ASIA EX JPN LOW CARB SRI LEAD CAPPED INDEX,EQUITY EMERGING - ASIA,ETF,Xtrackers - DWS
ALAT.MI,LU1681045024,AMUNDI MSCI LATIN AMERICA EMER UCITS ETF,EM LAT AM,EQUITY EMERGING - CENTRE/SOUTH AMERICA,ETF,Amundi
BRA.MI,LU1900066207,Amundi MSCI Brazil UCITS ETF Acc,MSCI BRAZIL TRN INDEX,EQUITY EMERGING - CENTRE/SOUTH AMERICA,ETF,Amundi
FLXB.MI,IE00BHZRQY00,FRANKLIN FTSE BRAZIL UCITS ETF,FTSE BRAZIL 30/18 CAPPED NET TAX INDEX,EQUITY EMERGING - CENTRE/SOUTH AMERICA,ETF,Franklin Templeton
IBZL.MI,IE00B0M63516,ISHARES MSCI BRAZIL UCITS ETF DIST,MSCI BRAZIL TRN INDEX,EQUITY EMERGING - CENTRE/SOUTH AMERICA,ETF,iShares
XMBR.MI,LU0292109344,XTRACKERS MSCI BRAZIL UCITS ETF,MSCI BRAZIL TRN INDEX,EQUITY EMERGING - CENTRE/SOUTH AMERICA,ETF,Xtrackers - DWS
EST.MI,LU1900066462,Amundi MSCI East Eur Ex Ru UCITS ETF,MSCI EM EASTERN EUROPE EX RUSSIA TRN,EQUITY EMERGING - EAST EUROPE,ETF,Amundi
TUR.MI,LU1900067601,Amundi MSCI Turkey UCITS ETF Acc,MSCI TURKEY INDEX,EQUITY EMERGING - EAST EUROPE,ETF,Amundi
AIQU.MI,IE000GLIXPP3,AXA IM MSCI Em Mkts Eq PAB UCITS ETF A,MSCI EMERGING MARKETS CLIMATE PARIS ALIGNED INDEX,EQUITY EMERGING - WORLD,ETF,AXA IM
LEMA.MI,LU2573967036,Amundi Core MSCI Emerging Markets Swap UCITS ETF Acc,MSCI EMERGING MARKETS TRN INDEX,EQUITY EMERGING - WORLD,ETF,Amundi
EEMK.MI,LU1291097779,"BNP PARIBAS EASY MSCI Emerging Min TE [UCITS ETF EUR, C]",MSCI EMERGING ESG FILTERED MIN TE (NTR),EQUITY EMERGING - WORLD,ETF,BNP Paribas
FEME.MI,IE00BYSX4739,FIDELITY EMER QUAL INCOME UCITS ETF INC,FIDELITY EMERGING MARKETS QUALITY INCOME INDEX NR,EQUITY EMERGING - WORLD,ETF,Fidelity International
FLXE.MI,IE00BF2B0K52,FRANKLIN EM MULTI-FACTOR EQUITY UCITS ETF,LIBERTYQ EMERGING MARKETS NR INDEX,EQUITY EMERGING - WORLD,ETF,Franklin Templeton
GSEM.MI,IE00BJ5CMD00,GOLDMAN ACTIVEBETA EM USD A UCITS ETF,GOLDMAN SACHS ACTIVEBETA EMERGING MARKETS EQUITY,EQUITY EMERGING - WORLD,ETF,Goldman Sachs
HSEM.MI,IE00BKY59G90,HSBC EMERGING MARKET SCREENED EQUITY UCITS ETF,FTSE EMERGING ESG LOW CARBON SELECT INDEX,EQUITY EMERGING - WORLD,ETF,HSBC
EMHD.MI,IE00BYYXBF44,INVESCO FTSE EM HI DIX LOW VOL UCITS ETF,FTSE EMERGING HIGH DIVIDEND LOW VOLATILITY TRN,EQUITY EMERGING - WORLD,ETF,Invesco
RIEM.MI,IE000CBYU7J5,L&G Em Mkts ESG Excl Paris Ali UCITS ETF,FOXBERRY SUSTAINABILITY CONS EMERGING MKTS TOT RET,EQUITY EMERGING - WORLD,ETF,Legal&General
EMRG.MI,IE00B469F816,SPDR MSCI EMERGING MARKETS UCITS ETF,MSCI EMERGING MARKETS TRN INDEX,EQUITY EMERGING - WORLD,ETF,SPDR
EMMUSC.MI,LU0950674175,UBS Core MSCI EM UCITS ETF USD acc,MSCI EMERGING MARKETS TRN INDEX,EQUITY EMERGING - WORLD,ETF,UBS
V3ML.MI,IE0001VXZTV7,Vanguard Esg Emerg Mark Ucits Etf Usd D,FTSE EMERGING ALL CAP CHOICE INDEX,EQUITY EMERGING - WORLD,ETF,Vanguard
VCEU.MI,LU1681042518,AMUNDI MSCI EU VALUE FAC UCITS ETF - EUR,MSCI EUROPE VALUE,EQUITY EUROPE - REGIONAL,ETF,Amundi
AIME.MI,IE000YASIPS3,AXA IM MSCI Eur Equity PAB UCITS ETF Acc,MSCI EUROPE CLIMATE PARIS ALIGNED EUR NTR,EQUITY EUROPE - REGIONAL,ETF,AXA IM
EGRO.MI,LU2244387887,"BNP PARIBAS EASY Growth Europe [UCITS ETF, C]",BNP PARIBAS GROWTH EUROPE ESG (TR) INDEX,EQUITY EUROPE - REGIONAL,ETF,BNP Paribas
DXEZ.MI,LU3008629340,D-X MSCI EMU Screened UCITS ETF,MSCI EMU ESG SCREENED,EQUITY EUROPE - REGIONAL,ETF,Fideuram Asset Management Ireland
FEUI.MI,IE00BYSX4176,FIDELITY EUROPE QUAL INCOME UCITS ETF IN,FIDELITY EUROPE QUALITY INCOME INDEX NR,EQUITY EUROPE - REGIONAL,ETF,Fidelity International
FEUZ.MI,IE00B8X9NY41,FIRST TRUST EUROZONE ALPHADEX UCITS ETF,NASDAQ ALPHADEX EUROZONE INDEX,EQUITY EUROPE - REGIONAL,ETF,First Trust
EUPA.MI,IE00BMDPBY65,FRANKLIN STOXX600 PARIS CLIMAT UCITS ETF,STOXX EUROPE 600 PARIS-ALIGNED BENCHMARK INDEX,EQUITY EUROPE - REGIONAL,ETF,Franklin Templeton
EUSD.MI,IE00082MOBL9,GLOBAL X EUROPEAN SUPERDIVIDEND UCITS ETF EUR Dis,SOLACTIVE EUROPEAN SUPERDIVIDEND INDEX,EQUITY EUROPE - REGIONAL,ETF,Global X
H50E.MI,IE00B4K6B022,HSBC EURO STOXX 50 UCITS ETF,EURO STOXX 50 EUR NET RETURN INDEX,EQUITY EUROPE - REGIONAL,ETF,HSBC
IQEE.MI,LU1603795458,INDEXIQ FACT SUST EUROP EQUITY UCITS ETF,SOLACTIVE CANDRIAM FACTORS SUSTAINABLE EUROPE EQ,EQUITY EUROPE - REGIONAL,ETF,Candriam
SDJE50.MI,IE00B60SWX25,INVESCO EURO STOXX 50 UCITS ETF,EURO STOXX 50 EUR NET RETURN INDEX,EQUITY EUROPE - REGIONAL,ETF,Invesco
LGEU.MI,IE00BFXR5V83,L&G EUROPE EX UK UCITS ETF,SOLACTIVE CORE DEV EU EX UK L&M CAP EUR,EQUITY EUROPE - REGIONAL,ETF,Legal&General
CAPE.MI,LU1079842321,OSSIAM SH BAR CAPE EU SECT VAL UCITS ETF,SHILLER BARCLAYS CAPE EUROPE SECTOR VALUE TRN,EQUITY EUROPE - REGIONAL,ETF,Ossiam
EURO.MI,IE00B910VR50,SPDR MSCI EMU UCITS ETF,MSCI EMU TRN,EQUITY EUROPE - REGIONAL,ETF,SPDR
EMUAA.MI,LU0950668870,UBS Core MSCI EMU UCITS ETF EUR acc,MSCI EMU TRN,EQUITY EUROPE - REGIONAL,ETF,UBS
V3EA.MI,IE000QUOSE01,VANGUARD ESG DEV EU ALLCAP UCITS ETF ACC,FTSE DEVELOPED EUROPE ALL CAP CHOICE INDEX,EQUITY EUROPE - REGIONAL,ETF,Vanguard
TEET.MI,NL0010731816,VanEck European Equal Weight Screened UCITS ETF,SOLACTIVE EUROPEAN EQUITY INDEX GTR,EQUITY EUROPE - REGIONAL,ETF,VanEck
DFEA.MI,IE00BDF16114,WISDOMTREE EU SMALLCAP DIV UCITS ETF ACC,WISDOMTREE EUROPE SMALLCAP DIVIDEND INDEX,EQUITY EUROPE - REGIONAL,ETF,WisdomTree
C40.MI,LU1681046931,AMUNDI CAC 40 ESG UCITS ETF Acc,CAC 40 ESG,EQUITY EUROPE - SINGLE COUNTRY,ETF,Amundi
DAXESG.MI,LU2240851688,AMUNDI DAX 50 ESG UCITS ETF DR,DAX 50 ESG+ NR EUR,EQUITY EUROPE - SINGLE COUNTRY,ETF,Amundi
CG1.MI,FR0010655712,AMUNDI ETF DAX UCITS ETF DR,DAX,EQUITY EUROPE - SINGLE COUNTRY,ETF,Amundi
EXS1.MI,DE0005933931,ISHARES CORE DAX UCITS ETF,DAX,EQUITY EUROPE - SINGLE COUNTRY,ETF,iShares
ISF.MI,IE0005042456,ISHARES CORE FTSE 100 UCITS ETF DIST,FTSE 100,EQUITY EUROPE - SINGLE COUNTRY,ETF,iShares
CSMIB.MI,IE00B53L4X51,ISHARES FTSE MIB UCITS ETF EUR ACC,FTSE MIB TR,EQUITY EUROPE - SINGLE COUNTRY,ETF,iShares
MDAX.MI,IE00BHJYDV33,Invesco MDAX UCITS ETF,MDAX,EQUITY EUROPE - SINGLE COUNTRY,ETF,Invesco
100EUA.MI,LU0136242590,UBS FTSE 100 UCITS ETF GBP dis,FTSE 100 TR,EQUITY EUROPE - SINGLE COUNTRY,ETF,UBS
SW2CHB.MI,LU0977261329,UBS MSCI Switzerland 20/35 UCITS ETF CHF acc,MSCI SWITZERLAND 20/35 TRN,EQUITY EUROPE - SINGLE COUNTRY,ETF,UBS
SVE.MI,LU1169830103,UBS MSCI Switzerland 20/35 UCITS ETF hEUR acc,MSCI SWITZERLAND 20/35 100% HEDGED TO EUR TRN,EQUITY EUROPE - SINGLE COUNTRY,ETF,UBS
VUKE.MI,IE00B810Q511,VANGUARD FTSE 100 UCITS ETF,FTSE 100 NET TAX INDEX,EQUITY EUROPE - SINGLE COUNTRY,ETF,Vanguard
VMIG.MI,IE00BFMXVQ44,Vanguard FTSE 250 UCITS ETF,FTSE 250 INDEX,EQUITY EUROPE - SINGLE COUNTRY,ETF,Vanguard
XDAX.MI,LU0274211480,XTRACKERS DAX UCITS ETF,DAX,EQUITY EUROPE - SINGLE COUNTRY,ETF,Xtrackers - DWS
XMIB.MI,LU0274212538,XTRACKERS FTSE MIB UCITS ETF,FTSE MIB INDEX,EQUITY EUROPE - SINGLE COUNTRY,ETF,Xtrackers - DWS
XSMI.MI,LU0274221281,XTRACKERS SWITZERLAND UCITS ETF,SWISS MARKET INDEX,EQUITY EUROPE - SINGLE COUNTRY,ETF,Xtrackers - DWS
XMGA.MI,IE000XL4IXU1,AMUNDI MSCI USA EX MEGA CAP UCITS ETF,MSCI USA EX MEGA CAP SELECT,EQUITY NORTH AMERICA,ETF,Amundi
RS2K.MI,LU1681038672,AMUNDI RUSSELL 2000 EUR UCITS ETF,RUSSELL 2000 TRN INDEX,EQUITY NORTH AMERICA,ETF,Amundi
ANAE.MI,IE000STJ19F2,AXA IM Nasdaq 100 UCITS ETF H,NASDAQ-100 Notional Net Total Return Index,EQUITY NORTH AMERICA,ETF,AXA IM
AIUU.MI,IE000AXIKJM8,AXA MSCI USA Equity PAB UCITS ETF USD A,MSCI USA CLIMATE PARIS ALIGNED USD NTR,EQUITY NORTH AMERICA,ETF,AXA IM
ENAM.MI,LU1291104575,"BNP PARIBAS EASY MSCI USA Min TE [UCITS ETF, C]",MSCI USA ESG Filtered Min TE Net EUR Index,EQUITY NORTH AMERICA,ETF,BNP Paribas
SPTRE.MI,LU2993390769,BNP PARIBAS EASY S&P 500 II UCITS ETF EUR Acc,S&P 500 NET TR,EQUITY NORTH AMERICA,ETF,BNP Paribas
DXUS.MI,LU2870272577,D-X MSCI USA SCREENED UCITS ETF,MSCI USA ESG SCREENED INDEX,EQUITY NORTH AMERICA,ETF,Fideuram Asset Management Ireland
FUSA.MI,IE00BYXVGY31,FIDELITY US QUALITY INCOME UCITS ETF ACC,FIDELITY US QUALITY INCOME INDEX NR,EQUITY NORTH AMERICA,ETF,Fidelity International
FUSU.MI,IE00BYV1Y969,FIDELITY US QUALITY INCOME UCITS ETF HDG,FIDELITY US QUALITY INCOME INDEX NR,EQUITY NORTH AMERICA,ETF,Fidelity International
UNCA.MI,IE00BD6GCF16,FIRST TRUST US EQUITY INCOME UCITS ETF B,NASDAQ US HIGH EQUITY INCOME NET TOTAL RETURN,EQUITY NORTH AMERICA,ETF,First Trust
USPA.MI,IE00BMDPBZ72,FRANKLIN S&P500 PARIS CLIMATE UCITS ETF,S&P 500 PARIS-ALIGNED CLIMATE INDEX,EQUITY NORTH AMERICA,ETF,Franklin Templeton
GSLC.MI,IE00BJ5CNR11,Goldman Sachs Ac B PaAl St US Cap Eq UCITS ETF,GOLDMAN SACHS ACTIVEBETA U.S. LARGE CAP EQUITY,EQUITY NORTH AMERICA,ETF,Goldman Sachs
HSPD.MI,IE00B5KQNG97,HSBC S&P 500 UCITS ETF,S&P 500 NET TR,EQUITY NORTH AMERICA,ETF,HSBC
EQQQ.MI,IE0032077012,INVESCO EQQQ NASDAQ-100 UCITS ETF,NASDAQ-100,EQUITY NORTH AMERICA,ETF,Invesco
CSSPX.MI,IE00B5BMR087,ISHARES CORE S&P 500 UCITS ETF USD ACC,S&P 500 NET TR,EQUITY NORTH AMERICA,ETF,iShares
BBSC.MI,IE000JNKVS10,JPM BETABU USSMALLCAP EQ UCITS ETF USD A,MORNINGSTAR US SMALL CAP TARGET MARKET EXPOSURE,EQUITY NORTH AMERICA,ETF,JP Morgan
SP1E.MI,IE000YELA4E3,L&G S&P 100 Equal Weight UCITS ETF USD Acc,S&P 100 EQUAL WEIGHTED INDEX NTR,EQUITY NORTH AMERICA,ETF,Legal&General
CAPU.MI,LU1079841273,OSSIAM SH BAR CAPE US SECT VAL UCITS ETF,SHILLER BARCLAYS CAPE US SECTOR VALUE TRN,EQUITY NORTH AMERICA,ETF,Ossiam
R2US.MI,IE00BJ38QD84,SPDR RUSSELL 2000 US SMALL CAP UCITS ETF,RUSSELL 2000 TRN INDEX,EQUITY NORTH AMERICA,ETF,SPDR
USAUSW.MI,IE00BD4TXS21,UBS Core MSCI USA UCITS ETF USD acc,MSCI TRN USA INDEX,EQUITY NORTH AMERICA,ETF,UBS
V3NA.MI,IE000O58J820,VANGUARD ESG NORTH AM ALLCAP UCITS ETF A,FTSE NORTH AMERICA ALL CAP CHOICE INDEX,EQUITY NORTH AMERICA,ETF,Vanguard
MOAT.MI,IE00BQQP9H09,VanEck MSTAR US ESG Wide Moat UCITS ETF,MORNINGSTAR US SUSTAINABLE MOAT FOCUS INDEX,EQUITY NORTH AMERICA,ETF,VanEck
DHSF.MI,IE00BD6RZW23,WISDOMTREE US EQ IN UCITS ETF EU HED ACC,WISDOMTREE US EUR HEDGED EQUITY INCOME INDEX,EQUITY NORTH AMERICA,ETF,WisdomTree
XZMU.MI,IE00BFMNPS42,XTRACKERS MSCI USA ESG UCITS ETF,MSCI USA LOW CARBON SRI LEADERS INDEX,EQUITY NORTH AMERICA,ETF,Xtrackers - DWS
YICAU.MI,LU2976312418,YIS MSCI Canada Universal UCITS ETF EUR,MSCI CANADA UNIVERSAL INDEX,EQUITY NORTH AMERICA,ETF,YourIndex SICAV
TPXH.MI,LU1681037864,AMUNDI JPN TOPIX UCITS ETF DAILY HED EUR,TOPIX TOTAL RETURN EURO DAILY HEDGED TR,EQUITY PACIFIC,ETF,Amundi
EJAH.MI,LU1481203070,"BNP PARIBAS EASY MSCI Japan Min TE [UCITS ETF H EUR, C]",MSCI JAPAN ESG FILTERED MIN TE (NTR),EQUITY PACIFIC,ETF,BNP Paribas
JPMQ.MI,IE000QCDDND5,Fineco AM MarketVectorTM Japan Quality Tilt Sustainable UCITS ETF,MARKETVECTOR JAPAN QUALITY TILT ESG,EQUITY PACIFIC,ETF,Fineco
JAPAN.MI,IE000D0T0BO1,Franklin FTSE Japan UCITS ETF,FTSE JAPAN INDEX-NR,EQUITY PACIFIC,ETF,Franklin Templeton
HSXD.MI,IE00BKY58G26,HSBC ASIA PACIFIC EX JAPAN SCREENED EQUITY UCITS ETF,FTSE ASIA PACIFIC EX JAPAN ESG LOW CARBON SELECT,EQUITY PACIFIC,ETF,HSBC
IQJP.MI,LU1603797587,INDEXIQ FACT SUST JAPAN EQUITY UCITS ETF,SOLACTIVE CANDRIAM FACTORS SUSTAINABLE JAPAN EQUIT,EQUITY PACIFIC,ETF,Candriam
N400.MI,IE00BPRCH686,INVESCO JPX-NIKKEI 400 UCITS ETF,JPX-NIKKEI 400,EQUITY PACIFIC,ETF,Invesco
IAPD.MI,IE00B14X4T88,ISHARES ASIA PACIF DIVID UCITS ETF DIST,DOW JONES ASIA/PACIFIC SELECT DIVIDEND 30,EQUITY PACIFIC,ETF,iShares
LDAP.MI,IE00BMYDMB35,L&G APAC ex-Japan Quality Dividends Equal Weight UCITS ETF,FTSE DEVELOPED ASIA PACIFIC EX JP ALL CAP EX CW,EQUITY PACIFIC,ETF,Legal&General
PADV.MI,IE00B9KNR336,SPDR S&P PAN ASIA DIV ARISTOCR UCITS ETF,S&P PAN ASIA DIVIDEND ARISTOCRATS TRN,EQUITY PACIFIC,ETF,SPDR
JPNA.MI,LU0950671825,UBS Core MSCI Japan UCITS ETF JPY acc,MSCI JP TRN IN JPY,EQUITY PACIFIC,ETF,UBS
V3PL.MI,IE0008T6IUX0,VANGUARD ESG DEV ASIA PA UCITS ETF USD D,FTSE DEVELOPED ASIA PACIFIC ALL CAP CHOICE INDEX,EQUITY PACIFIC,ETF,Vanguard
DXJF.MI,IE00BYQCZJ13,WISDOMTREE JAP EQ UCITS ETF EUR HED ACC,WISDOMTREE JAPAN EUR HEDGED EQUITY INDEX,EQUITY PACIFIC,ETF,WisdomTree
XNJP.MI,IE00074JLU02,XTRACKERS JAPAN NETZERO PARIS UCITS ETF,SOLACTIVE ISS ESG JAPAN NET ZERO PATHWAY INDEX,EQUITY PACIFIC,ETF,Xtrackers - DWS
YIJU.MI,LU2976313812,YIS MSCI Japan Universal UCITS ETF EUR Acc,MSCI JAPAN UNIVERSAL INDEX,EQUITY PACIFIC,ETF,YourIndex SICAV
DEFS.MI,LU3038520774,AMUNDI STOXX EUROPE DEFENSE UCITS ETF Acc,STOXX Europe Total Market Defense Capped,EQUITY SECTORS,ETF,Amundi
FOO.MI,LU1834985845,Amndi STOX Euro 600 Con Stp UCITS ETF A,STOXX EUR 600 IND CONS STAPLES 30-15 EUR NET RTN,EQUITY SECTORS,ETF,Amundi
TRVL.MI,LU1834988781,Amndi STOXX Eu 600 Cons Dis UCITS ETF A,STOXX EUR 600 IND CONS DISCRETIONARY 30-15 EUR NRT,EQUITY SECTORS,ETF,Amundi
BRES.MI,LU1834983550,Amndi STOXX Eur 600 Basic Res UCITS ETF,STOXX EUROPE 600 BASIC RESOURCES TRN,EQUITY SECTORS,ETF,Amundi
TELE.MI,LU1834988609,Amndi STOXX Eur 600 Telcomm UCITS ETF A,STOXX EUROPE 600 TELECOMMUNICATIONS TRN,EQUITY SECTORS,ETF,Amundi
BNKE.MI,LU1829219390,Amundi Euro Stoxx Banks UCITS ETF Acc,EUROSTOXX BANK TRN,EQUITY SECTORS,ETF,Amundi
CWE.MI,LU1681046006,Amundi Global Bioenergy UCITS ETF EUR Acc,Bloomberg BioEnergy Screened Index,EQUITY SECTORS,ETF,Amundi
HLTW.MI,LU0533033238,Amundi MSCI Wld H Care UCITS ETF EUR,MSCI WORLD HEALTH CARE NTR,EQUITY SECTORS,ETF,Amundi
GUARD.MI,LU3047998896,BNP PARIBAS EASY Bloomberg Europe Defense UCITS ETF EUR Acc,Bloomberg Europe Defense Select Index,EQUITY SECTORS,ETF,BNP Paribas
HSTE.MI,IE00BMWXKN31,HSBC HANG SENG TECH UCITS ETF,HANG SENG TECH INDEX,EQUITY SECTORS,ETF,HSBC
XLCS.MI,IE00BG7PP820,INVESCO COMMUN S&P US SEL SEC UCITS ETF,S&P SELECT SECTOR CAPPED 20% COMMUNICATIONS NTR,EQUITY SECTORS,ETF,Invesco
XLYS.MI,IE00B449XP68,INVESCO CON DIS S&P US SEL SEC UCITS ETF,S&P SELECT SECT CAP 20% CONSUMER DISCR NTR,EQUITY SECTORS,ETF,Invesco
XLPS.MI,IE00B435BG20,INVESCO CON STA S&P US SEL SEC UCITS ETF,S&P SELECT SECTOR CAPPED 20% CONSUMER STAPLES NTR,EQUITY SECTORS,ETF,Invesco
XLES.MI,IE00B435CG94,INVESCO ENERGY S&P US SEL SECT UCITS ETF,S&P SELECT SECTOR CAPPED 20% ENERGY NTR,EQUITY SECTORS,ETF,Invesco
XLFS.MI,IE00B42Q4896,INVESCO FINANCS S&P US SEL SEC UCITS ETF,S&P SELECT SECTOR CAPPED 20% FINANCIALS NTR,EQUITY SECTORS,ETF,Invesco
XLVS.MI,IE00B3WMTH43,INVESCO HEA CAR S&P US SEL SEC UCITS ETF,S&P SELECT SECTOR CAPPED 20% HEALTH CARE NTR,EQUITY SECTORS,ETF,Invesco
XLIS.MI,IE00B3YC1100,INVESCO INDUSTR S&P US SEL SEC UCITS ETF,S&P SELECT SECTOR CAPPED 20% INDUSTRIALS NTR,EQUITY SECTORS,ETF,Invesco
XLBS.MI,IE00B3XM3R14,INVESCO MATER S&P US SEL SEC UCITS ETF,S&P SELECT SECTOR CAPPED 20% MATERIALS NTR,EQUITY SECTORS,ETF,Invesco
KSTR.MI,IE00BKPJY541,KraneShares ICBCUBS SSE STAR Market 50 Index UCITS ETF,SSE SCIENCE AND TECHNOLOGY INNOVATION BOARD 50 IND,EQUITY SECTORS,ETF,KraneShares
STRX.MI,IE00BKWQ0C77,SPDR MSCI EUROP CONSUM DISCRET UCITS ETF,MSCI EUROPE CONSUMER DISCRETIONARY CAPPED 35/20 IN,EQUITY SECTORS,ETF,SPDR
STSX.MI,IE00BKWQ0D84,SPDR MSCI EUROP CONSUM STAPLES UCITS ETF,MSCI EUROPE CONSUMER STAPLES CAPPED 35/20 INDEX,EQUITY SECTORS,ETF,SPDR
STNX.MI,IE00BKWQ0F09,SPDR MSCI EUROP ENERGY UCITS ETF,MSCI EUROPE ENERGY 35/20 CAPPED INDEX,EQUITY SECTORS,ETF,SPDR
STZX.MI,IE00BKWQ0G16,SPDR MSCI EUROP FINANCIALS UCITS ETF,MSCI EUROPE FINANCIALS CAPPED 35/20 INDEX,EQUITY SECTORS,ETF,SPDR
STWX.MI,IE00BKWQ0H23,SPDR MSCI EUROP HEALTH CARE UCITS ETF,MSCI EUROPE HEALTH CARE CAPPED 35/20 INDEX,EQUITY SECTORS,ETF,SPDR
STQX.MI,IE00BKWQ0J47,SPDR MSCI EUROP INDUSTRIALS UCITS ETF,MSCI EUROPE INDUSTRIALS CAPPED 35/20 INDEX,EQUITY SECTORS,ETF,SPDR
STPX.MI,IE00BKWQ0L68,SPDR MSCI EUROP MATERIALS UCITS ETF,MSCI EUROPE MATERIALS CAPPED 35/20 INDEX,EQUITY SECTORS,ETF,SPDR
STKX.MI,IE00BKWQ0K51,SPDR MSCI EUROP TECHNOLOGY UCITS ETF,MSCI EUROPE TECHNOLOGY CAPPED 35/20 INDEX,EQUITY SECTORS,ETF,SPDR
XUTC.MI,IE00BGQYRS42,XTRACKERS MSCI USA INFO TECH UCITS ETF,MSCI USA INFORMATION TECHNOLOGY NTR USD,EQUITY SECTORS,ETF,Xtrackers - DWS
XWTS.MI,IE00BM67HR47,XTRACKERS MSCI WORLD COMM SERV UCITS ETF,MSCI WORLD COMMUNICATION SERVICES TRN INDEX,EQUITY SECTORS,ETF,Xtrackers - DWS
XDWC.MI,IE00BM67HP23,XTRACKERS MSCI WORLD CONS DIS UCITS ETF,MSCI DAILY WORLD CONSUMER DISCRETIONARY NTR,EQUITY SECTORS,ETF,Xtrackers - DWS
XDWS.MI,IE00BM67HN09,XTRACKERS MSCI WORLD CONS STAP UCITS ETF,MSCI DAILY WORLD CONSUMER STAPLES NTR,EQUITY SECTORS,ETF,Xtrackers - DWS
XDW0.MI,IE00BM67HM91,XTRACKERS MSCI WORLD ENERGY UCITS ETF,MSCI WORLD ENERGY NTR,EQUITY SECTORS,ETF,Xtrackers - DWS
XDWF.MI,IE00BM67HL84,XTRACKERS MSCI WORLD FINANCIAL UCITS ETF,MSCI WORLD FINANCIALS NTR,EQUITY SECTORS,ETF,Xtrackers - DWS
XDWH.MI,IE00BM67HK77,XTRACKERS MSCI WORLD HEAL CARE UCITS ETF,MSCI WORLD HEALTH CARE CAPPED 35/20,EQUITY SECTORS,ETF,Xtrackers - DWS
XDWI.MI,IE00BM67HV82,XTRACKERS MSCI WORLD INDUSTR UCITS ETF,MSCI DAILY WORLD INDUSTRIALS NTR,EQUITY SECTORS,ETF,Xtrackers - DWS
MMLP.MI,IE00BKPTXQ89,ALERIAN MIDSTREAM ENERGY DISTR UCITS ETF,Alerian Midstream Energy Corporation Dividend Net,EQUITY THEMATIC,ETF,HANetf
EPRE.MI,LU1681039480,AMUNDI FTSE EPRA EUR REAL EST UCITS ETF,FTSE EPRA/NAREIT DEVELOPED EUROPE NET RETURN,EQUITY THEMATIC,ETF,Amundi
REEU.MI,LU1812091194,AMUNDI FTSE EPRA EUROPE REAL ESTATE UCITS ETF - EUR (D),FTSE EPRA/NAREIT DEVELOPED EUROPE NET RETURN,EQUITY THEMATIC,ETF,Amundi
REWLD.MI,LU1832418773,Amundi FTSE EPRA NAREIT Global II UCITS ETF Dist,FTSE EPRA/NAREIT DEVELOPED INDEX NET TRI,EQUITY THEMATIC,ETF,Amundi
EPRA.MI,LU1437018838,Amundi FTSE EPRA NAREIT Global UCITS ETF Acc,FTSE EPRA/NAREIT DEV EU NTR,EQUITY THEMATIC,ETF,Amundi
EENG.MI,IE000FF2EBQ8,BNP ECPI Global Infra ESG UCITS ETF,ECPI GLOBAL ESG INFRASTRUCTURE EQUITY (NR) INDEX,EQUITY THEMATIC,ETF,BNP Paribas
GRCTB.MI,IE0007YP0PL1,BNP Paribas Easy FTSE EPRA Nareit Global Developed Green CTB UCITS ETF,FTSE EPRA NAREIT DEVELOPED GREEN EU CTB NTR INDEX,EQUITY THEMATIC,ETF,BNP Paribas
EGEHE.MI,LU2365458145,BNPP EASY ECPI GL ESG HYDROGEN UCITS ETF,ECPI GLOBAL ESG HYDROGEN ECONOMY (NR) INDEX,EQUITY THEMATIC,ETF,BNP Paribas
GREAL.MI,LU2008763935,BNPP EASY FTSE EPRA EU CTB UCITS ETF,FTSE EPRA Nareit Developed Europe Green EU CTB Net,EQUITY THEMATIC,ETF,BNP Paribas
BCHN.MI,IE00BGBN6P67,COINSHARES GLOBAL BLOCKCHAIN UCITS ETF,COINSHARES BLOCKCHAIN GLOBAL EQUITY INDEX,EQUITY THEMATIC,ETF,Invesco
EMQQ.MI,IE00BFYN8Y92,EMQQ Emerging Markets Internet UCITS ETF,EMQQ THE EMERGING MARKETS INTERNET & ECOMMERCE IND,EQUITY THEMATIC,ETF,HANetf
WEB3.MI,IE000KDY10O3,ETC Group Web 3.0 UCITS ETF,Solactive ETC Group Web 3.0 Index NTR,EQUITY THEMATIC,ETF,HANetf
FAMMAI.MI,IE000VYO9NT0,FINECO MSCI ACWI IMI CYBER SEC UCITS ETF,MSCI ACWI IMI CYBER SECURITY INDEX,EQUITY THEMATIC,ETF,Fineco
FAMAMW.MI,IE000EE3Q489,FINECO MSCI WRD METAL N MINING UCITS ETF,MSCI WORLD METALS AND MINING INDEX,EQUITY THEMATIC,ETF,Fineco
FBT.MI,IE00BL0L0H60,FIRST TRUST ARCA BIOTECHNOLOGY UCITS ETF,AMEX BIOTECH,EQUITY THEMATIC,ETF,First Trust
SCAR.MI,IE000BW2B3J3,FIRST TRUST BBG SCAR RES UCITS ETF,BLOOMBERG SCARCE RESOURCES NET RETURN,EQUITY THEMATIC,ETF,First Trust
GRID.MI,IE000J80JTL1,FIRST TRUST CLEAN SMART INFRAS UCITS ETF,NASDAQ OMX CLEAN EDGE SMART GRID INFRASTRUCTURE,EQUITY THEMATIC,ETF,First Trust
METE.MI,IE000IM4K4K2,FRANKLIN AI METAVERSE BLOCKCHN UCITS ETF,SOLACTIVE GLOBAL METAVERSE INNOVATION INDEX,EQUITY THEMATIC,ETF,Franklin Templeton
FAMWCS.MI,IE0006XQ3YX3,Fineco AM MSCI World Consumer Staples Sustainable Selection P-Series UCITS ETF,MSCI WORLD CONSUMER STAPLES ESG LEADERS INDEX,EQUITY THEMATIC,ETF,Fineco
FOHW.MI,IE0003WEWAX4,Franklin Fut Health & Wellness UCITS ETF,SOLACTIVE SUSTAINABLE HEALTH AND WELLNESS INDEX-NR,EQUITY THEMATIC,ETF,Franklin Templeton
FOFD.MI,IE000ZOKLHY7,Franklin Future of Food UCITS ETF,SOLACTIVE SUSTAINABLE FOOD INDEX-NR,EQUITY THEMATIC,ETF,Franklin Templeton
CROP.MI,IE000EBFYWX3,GLOBAL X AGTECH & FOOD INNOVAT UCITS ETF,SOLACTIVE AGTECH & FOOD INNOVATION V2 INDEX,EQUITY THEMATIC,ETF,Global X
CHPX.MI,IE0000ZL1RD2,GLOBAL X AI SEMICONDUCTOR & QUANTUM UCITS ETF,MIRAE ASSET AI SEMICONDUCTOR & QUANTUM INDEX,EQUITY THEMATIC,ETF,Global X
AIQE.MI,IE0000XTDDA8,GLOBAL X AI UCITS ETF,INDXX ARTIFICIAL INTELLIGENCE,EQUITY THEMATIC,ETF,Global X
HPNA.MI,IE00096S6AV7,HSBC FTSE EPRA NAREIT DCPA UCITS ETF A,FTSE EPRA NAREIT DEVELOPED GREEN EU PAB,EQUITY THEMATIC,ETF,HSBC
HPRD.MI,IE00B5L01S80,HSBC FTSE EPRA/NAREIT DEVELOP UCITS ETF,FTSE EPRA/NAREIT DEVELOPED INDEX NET TRI,EQUITY THEMATIC,ETF,HSBC
HNSC.MI,IE000YDZG487,HSBC NASDAQ GLOB SEMICONDUCTOR UCITS ETF,NASDAQ GLOBAL SEMICONDUCTOR INDEX,EQUITY THEMATIC,ETF,HSBC
GCLE.MI,IE00BLRB0242,INVESCO GLOBAL CLEAN ENERGY UCITS ETF A,WILDERHILL NEW ENERGY GLOBAL INNOVATION INDEX,EQUITY THEMATIC,ETF,Invesco
HYDE.MI,IE00053WDH64,INVESCO HYDROGEN ECONOMY UCITS ETF,WILDERHILL HYDROGEN ECONOMY INDEX,EQUITY THEMATIC,ETF,Invesco
AGED.MI,IE00BYZK4669,ISHARES AGEING POPULATION UCITS ETF ACC,STOXX GLOBAL AGEING POPULATION INDEX,EQUITY THEMATIC,ETF,iShares
ISAG.MI,IE00B6R52143,ISHARES AGRIBUSINESS UCITS ETF,S&P COMMODITY PRODUCERS AGRIBUSINESS INDEX,EQUITY THEMATIC,ETF,iShares
RBOT.MI,IE00BYZK4552,ISHARES AUTOMAT & ROBOTICS UCITS ETF ACC,STOXX GLOBAL AUTOMATION & ROBOTICS INDEX,EQUITY THEMATIC,ETF,iShares
KWBE.MI,IE00BFXR7900,KRANESHARES CSI CHINA INTERNET UCITS ETF,THE CSI OVERSEAS CHINA INTERNET INDEX,EQUITY THEMATIC,ETF,KraneShares
KARS.MI,IE000YUAPTQ0,KraneShares Electric Vehicles & Future Mobility Screened UCITS ETF,BLOOMBERG ELECTRIC VEHICLES SCREENED INDEX,EQUITY THEMATIC,ETF,KraneShares
KOID.MI,IE000O6Z73N7,KraneShares Global Humanoid and Embodied Intelligence Index UCITS ETF,MERQUBE GLOBAL HUMANOID AND EMBODIED INTELLIGENCE,EQUITY THEMATIC,ETF,KraneShares
AIAI.MI,IE00BK5BCD43,L&G ARTIFICIAL INTELLIGENCE UCITS ETF,ROBO GLOBAL ARTIFICIAL INTELLIGENCE INDEX TR,EQUITY THEMATIC,ETF,Legal&General
BATT.MI,IE00BF0M2Z96,L&G BATTERY VALUE-CHAIN UCITS ETF,SOLACTIVE BATTERY VALUE-CHAIN INDEX,EQUITY THEMATIC,ETF,Legal&General
RENW.MI,IE00BK5BCH80,L&G CLEAN ENERGY UCITS ETF,SOLACTIVE CLEAN ENERGY INDEX NTR,EQUITY THEMATIC,ETF,Legal&General
BTC.MI,FR0014002IH8,MELANION BTC EQUITIES UNIVERSE UCITS ETF,MELANION BITCOIN EXPOSURE INDEX,EQUITY THEMATIC,ETF,Melanion
CYBR.MI,IE00BJXRZJ40,RIZE CYBERSECURITY & PRIVACY UCITS ETF,FOXBERRY TEMATICA RES CYB DATA PRIV USD NTR,EQUITY THEMATIC,ETF,Rize ETF
VITA.MI,IE00BLRPRR04,RIZE ENVIRONMENTAL IMPACT 100 UCITS ETF,FOXBERRY SMS ENVIRONMENTAL IMPACT 100 USD NTR,EQUITY THEMATIC,ETF,Rize ETF
NFRA.MI,IE000QUCVEN9,RIZE Glob Sust Infrastructure UCITS ETF,FOXBERRY SMS GLOBAL SUSTAINABLE INFRASTRUCTURE USD,EQUITY THEMATIC,ETF,Rize ETF
GLRE.MI,IE00B8GF1M35,SPDR DJ GLOBAL REAL ESTATE UCITS ETF,DJ GLOBAL SELECT REAL ESTATE SECURITIES TRN,EQUITY THEMATIC,ETF,SPDR
GREIT.MI,IE000H3AH951,UBS FTSE EPRA Nareit Developed Green UCITS ETF USD dis,FTSE EPRA NAREIT DEVELOPED GREEN INDEX,EQUITY THEMATIC,ETF,UBS
GENDED.MI,IE00BDR5GT91,UBS Global Gender Equality UCITS ETF USD dis,SOLACTIVE EQUILEAP GLOB GENDER EQUALITY 100 NTR,EQUITY THEMATIC,ETF,UBS
GENDEE.MI,IE00BDR5H073,UBS Global Gender Equality UCITS ETF hEUR acc,SOLACTIVE EQUI GLO GEN EQ 100 LEAD NTR EUR CU HED,EQUITY THEMATIC,ETF,UBS
REUS.MI,IE0001J5A2T9,VANECK CIRCULAR ECONOMY UCITS ETF,MVIS GLOBAL CIRCULAR ECONOMY ESG INDEX,EQUITY THEMATIC,ETF,VanEck
DAPP.MI,IE00BMDKNW35,VANECK CRYPTO AND BLOCKCHAIN UCITS ETF,MVIS GLOBAL DIGITAL ASSETS EQUITY INDEX,EQUITY THEMATIC,ETF,VanEck
CURE.MI,IE000B9PQW54,VANECK GENOMICS N HEALTHCA INN UCITS ETF,MVIS GLOBAL FUTURE HEALTHCARE ESG INDEX,EQUITY THEMATIC,ETF,VanEck
WTAI.MI,IE00BDVPNG13,WISDOMTREE ARTIF INTEL UCITS ETF USD ACC,NASDAQ CTA ARTIFICIAL INTELLIGENCE NTR INDEX,EQUITY THEMATIC,ETF,WisdomTree
VOLT.MI,IE00BKLF1R75,WISDOMTREE BATTERY SOLUTIONS UCITS ETF,WISDOMTREE BATTERY SOLUTIONS INDEX,EQUITY THEMATIC,ETF,WisdomTree
WDNA.MI,IE000O8KMPM1,WISDOMTREE BIOREVOLUTION UCITS ETF USD A,WISDOMTREE BIOREVOLUTION ESG SCREENED INDEX,EQUITY THEMATIC,ETF,WisdomTree
XDER.MI,LU0489337690,XTRACKERS FTSE DEV EU REAL EST UCITS ETF,FTSE EPRA/NAREIT DEVELOPED EUROPE NET RETURN,EQUITY THEMATIC,ETF,Xtrackers - DWS
XMOV.MI,IE00BGV5VR99,XTRACKERS FUTURE MOBILITY UCITS ETF,NASDAQ YEWNO GLOBAL FUTURE MOBILITY INDEX,EQUITY THEMATIC,ETF,Xtrackers - DWS
WEBN.MI,IE0003XJA0J9,AMUNDI PRIME ALL COUNTRY WORLD UCITS ETF,SOLACTIVE GBS GLOBAL MARKETS LARGE & MID CAP,EQUITY WORLD,ETF,Amundi
AWDU.MI,IE000SU7USQ3,AXA IM MSCI World Equity PAB UCITS ETF A,MSCI WORLD CLIMATE PARIS ALIGNED USD NTR,EQUITY WORLD,ETF,AXA IM
AWDE.MI,IE000TT7HZ88,AXA IM MSCI World Equity PAB UCITS ETF EUR H,MSCI WORLD CLIMATE PARIS ALIGNED USD NTR,EQUITY WORLD,ETF,AXA IM
ACWI.MI,LU1829220216,Amdi MSCI All Country World UCITS ETF,MSCI ALL COUNTRY WORLD NTR,EQUITY WORLD,ETF,Amundi
PAACE.MI,IE0004HBJKG0,BNP Paribas Easy MSCI ACWI SRI PAB UCITS ETF,MSCI ACWI Select Filtered Min TE Net USD,EQUITY WORLD,ETF,BNP Paribas
WEWEU.MI,IE0008D0AIU9,BNP Paribas Easy MSCI World Equal Weight Select UCITS ETF EUR Acc,MSCI World EW Ex Bus Involv Select Index,EQUITY WORLD,ETF,BNP Paribas
DXWO.MI,LU2870272908,D-X MSCI WORLD SCREENED UCITS ETF,MSCI WORLD ESG SCREENED NET NET RETURN USD INDEX,EQUITY WORLD,ETF,Fideuram Asset Management Ireland
FGEU.MI,IE00BYV1YH46,FIDELITY GLB QUAL INCOME UCITS ETF IN HD,FIDELITY GLOBAL QUALITY INCOME INDEX NR,EQUITY WORLD,ETF,Fidelity International
FGQI.MI,IE00BYXVGZ48,FIDELITY GLB QUALITY INCOME UCITS ETF IN,FIDELITY GLOBAL QUALITY INCOME INDEX NR,EQUITY WORLD,ETF,Fidelity International
HIDIV.MI,IE000PZW9KB1,Fineco AM MSCI World High Dividend Yield UCITS ETF A,MSCI WORLD HIGH DIVIDEND YIELD,EQUITY WORLD,ETF,Fineco
WORLD.MI,IE000CVOSY02,Franklin FTSE Developed World UCITS ETF,FTSE DEVELOPED INDEX IN USD,EQUITY WORLD,ETF,Franklin Templeton
SDIV.MI,IE00077FRP95,GLOBAL X SUPERDIVIDEND UCITS ETF,SOLACTIVE GLOBAL SUPERDIVIDEND V2 INDEX,EQUITY WORLD,ETF,Global X
HSWD.MI,IE00BKY59K37,HSBC DEVELOPED WORLD SCREENED EQUITY UCITS ETF,FTSE DEVELOPED ESG LOW CARBON SELECT INDEX,EQUITY WORLD,ETF,HSBC
PSRW.MI,IE00B23LNQ02,INVESCO FTSE RAFI ALL WLD 3000 UCITS ETF,FTSE RAFI ALL-WORLD 3000 TRN,EQUITY WORLD,ETF,Invesco
SWDA.MI,IE00B4L5Y983,ISHARES CORE MSCI WORLD UCITS ETF ACC,MSCI TRN WORLD INDEX,EQUITY WORLD,ETF,iShares
JPGL.MI,IE00BJRCLL96,JPM GLOBAL EQUITY MULTI-FACTOR UCITS ETF,JP MORGAN DIVERSIFIED FACTOR GLOBAL DEV REG AWARE,EQUITY WORLD,ETF,JP Morgan
LGGL.MI,IE00BFXR5S54,L&G GLOBAL EQUITY UCITS ETF,SOLACTIVE CORE DEV MARK L&M CAP USD NTR,EQUITY WORLD,ETF,Legal&General
5OGE.MI,LU2555926455,OSSIAM SHILLER CAPE GL SEC VAL UCITS ETF,SHILLER BARCLAYS CAPE GLOBAL SECTOR NET TR INDEX,EQUITY WORLD,ETF,Ossiam
EACW.MI,IE00BF1B7389,SPDR MSCI All Country World EUR Hdg UCITS ETF (acc),MSCI ACWI WITH DEV MARKETS 100% HEDGED TO EUR TRN,EQUITY WORLD,ETF,SPDR
SCWX.MI,LU2903252349,Scalable MSCI AC World Xtrackers UCITS ETF,MSCI ACWI USD TRN,EQUITY WORLD,ETF,Xtrackers - DWS
CLIMA.MI,IE00BN4PXC48,UBS Climate Aware Global Developed Equity CTB UCITS ETF USD acc,SOLACTIVE UBS CLIMATE AWARE GLOB DEV EQUIT CTB NTR,EQUITY WORLD,ETF,UBS
GOAT.MI,IE00BL0BMZ89,VANECK MSTAR GLOBAL WIDE MOAT UCITS ETF,MORNINGSTAR GLOBAL WIDE MOAT FOCUS INDEX,EQUITY WORLD,ETF,VanEck
V3AA.MI,IE00BNG8L278,VANGUARD ESG GLOBAL ALL CAP UCITS ETF AC,FTSE GLOBAL ALL CAP CHOICE INDEX - EUR,EQUITY WORLD,ETF,Vanguard
GGRE.MI,IE0007M3MLF3,WISDOMTREE GLB QUAL DIV GROW UCITS ETF H,WISDOMTREE GLOBAL DEVELOPED QUALITY DIVIDEND GROWT,EQUITY WORLD,ETF,WisdomTree
YIWSU.MI,LU3147499951,YIS MSCI World Selection UCITS ETF USD,MSCI WORLD SELECTION INDEX NTR,EQUITY WORLD,ETF,YourIndex SICAV
AGEB.MI,LU1681041205,Amundi USD Emerging Markets Government Bond UCITS ETF Acc,J.P. Morgan EMBI Global Diver Select Index TR USD,GOVERNMENT BONDS - EMERGING,ETF,Amundi
ASRD.MI,LU1547515137,BNPP ESG EMBI GLB DIV COM UCITS ETF HDG,JPM ESG EMBI GLOBAL DIVERSIFIED COMPOSITE TR,GOVERNMENT BONDS - EMERGING,ETF,BNP Paribas
CATHEM.MI,IE000YZIVX22,FRANKLIN CATHOLIC PRINC EM SOV UCITS ETF,ICE CATHOLIC PRINCIPLES ESG EMERGING MARKETS EXTER,GOVERNMENT BONDS - EMERGING,ETF,Franklin Templeton
CBND.MI,IE00BJSBCS90,GOLDMAN ACCESS CHINA GOV USD D UCITS ETF,FTSE GOLDMAN SACHS CHINA GOVERNMENT BOND INDEX,GOVERNMENT BONDS - EMERGING,ETF,Goldman Sachs
PEMD.MI,IE00BF51K132,INVESCO EMER MKTS USD BOND UCITS ETF,BLOOMBERG BARCLAYS EMERGING MARKETS USD SOV BOND,GOVERNMENT BONDS - EMERGING,ETF,Invesco
JMBA.MI,IE00BJ06C937,JPM EMERGING SOVEREIGN UCITS ETF USD ACC,J.P. MORGAN EMERGING MARKETS RISK-AWARE BOND INDEX,GOVERNMENT BONDS - EMERGING,ETF,JP Morgan
DRGN.MI,IE00BLRPQL76,L&G CHINA CNY BOND UCITS ETF,J.P. MORGAN CHINA CUSTOM LIQUID ESG CAPPED INDEX,GOVERNMENT BONDS - EMERGING,ETF,Legal&General
EMLI.MI,IE00BH3X8336,PIMCO Advantage Emerging Markets Local Bond UCITS ETF,PIMCO EMERGING MARKETS ADV LOCAL CUR BOND INDEX,GOVERNMENT BONDS - EMERGING,ETF,Pimco
CB3.MI,LU1681046261,AMUNDI EURO GOVERNMENT TILTED GREEN BOND UCITS ETF Acc,BLOOMBERG EURO TREASURY GREEN BOND TILTED,GOVERNMENT BONDS - EUR,ETF,Amundi
BT27.MI,LU2780872128,AMUNDI FIX 27 ITALY BTP GOV UCITS ETF D,FTSE ITALY GOVERNMENT 2027 MATURITY,GOVERNMENT BONDS - EUR,ETF,Amundi
JBEM.MI,LU1481202692,BNP EASY BBG-BARCLAYS TREASURY UCITS ETF,BLOOMBERG-BARCLAYS EURO AGGREGATE TREASURY (TR),GOVERNMENT BONDS - EUR,ETF,BNP Paribas
GEU7C.MI,LU2993392898,BNP PARIBAS EASY JPM ESG EMU Government Bond IG 5-7Y UCITS ETF EUR Acc,J.P. Morgan ESG EMU Government Bond IG 5-7Y (TR),GOVERNMENT BONDS - EUR,ETF,BNP Paribas
DXG3.MI,LU2870273039,D-X MSCI EURO GOVERNMENT BOND 1-3 UCITS ETF,MFE1GOET Index,GOVERNMENT BONDS - EUR,ETF,Fideuram Asset Management Ireland
DXG5.MI,LU2870273203,D-X MSCI EURO GOVERNMENT BOND 3-5 UCITS ETF,MSCI Eurozone 3Y- 5Y ESG Tilt Select Government Bo,GOVERNMENT BONDS - EUR,ETF,Fideuram Asset Management Ireland
H13E.MI,IE0009WMIIC0,HSBC Euro Lower Carbon Government 1-3 Year Bond UCITS ETF,BLOOMBERG EURO GOVERNMENT 1-3 YEAR CARBON TILTED,GOVERNMENT BONDS - EUR,ETF,HSBC
H10E.MI,IE0008BU0XC3,HSBC Euro Lower Carbon Government 10+ Year Bond UCITS ETF,BLOOMBERG EURO GOVERNMENT 10+ YEAR CARBON TILTED,GOVERNMENT BONDS - EUR,ETF,HSBC
EIB3.MI,IE00BGJWWY63,INVESCO EURO GOV BOND 1-3 UCITS ETF,BLOOMBERG BARCLAYS EURO GOVERNMENT SELECT 1-3 YEAR,GOVERNMENT BONDS - EUR,ETF,Invesco
EIB5.MI,IE00BGJWWV33,INVESCO EURO GOV BOND 3-5 UCITS ETF,BLOOMBERG BARCLAYS EURO GOVERNMENT SELECT 3-5 YEAR,GOVERNMENT BONDS - EUR,ETF,Invesco
SEGA.MI,IE00B4WXJJ64,ISHARES CORE EU GOVT BOND UCITS ETF DIST,BLOOMBERG EUROAGG TREASURY INDEX (TOTAL RETURN),GOVERNMENT BONDS - EUR,ETF,iShares
JE13.MI,IE00BYVZV757,JPM BETABUIL EUR GOV 1-3 Y ACC UCITS ETF,J.P MORGAN EMU GOV BOND INDEX 1-3Y SELECT MATURITY,GOVERNMENT BONDS - EUR,ETF,JP Morgan
BBEG.MI,IE00BJK9HD13,JPM BETABUILD EUR GOVT BOND UCITS ETF,J.P MORGAN EMU GOV BOND INDEX SELECT MATURITY,GOVERNMENT BONDS - EUR,ETF,JP Morgan
OG35.MI,LU2069380306,OSSIAM EURO GOV 3-5 CARB REDUC UCITS ETF,ICE 3-5 YEAR EURO GOVERNMENT CARBON REDUCTION,GOVERNMENT BONDS - EUR,ETF,Ossiam
GOVS.MI,IE00B6YX5F63,SPDR BL 1-3 Y EUR GOV BOND  UCITS ETF,BLOOMBERG EURO 1-3 YEAR TREASURY BOND INDEX,GOVERNMENT BONDS - EUR,ETF,SPDR
LGOV.MI,IE00BYSZ6062,SPDR BL 10+ Y EURO GOVT UCITS ETF,BLOOMBERG EURO 10+ YEAR TREASURY BOND INDEX,GOVERNMENT BONDS - EUR,ETF,SPDR
SS1EUA.MI,LU0969639128,UBS Core BBG EUR Gov 1-10 UCITS ETF EUR dis,BLOOMBERG BARCLAYS EUR TREASURY 1-10 BOND,GOVERNMENT BONDS - EUR,ETF,UBS
VETY.MI,IE00BZ163H91,VANGUARD EUR EUROZON GOVT BOND UCITS ETF,BLOOMBERG EUROAGG TREASURY INDEX (TOTAL RETURN),GOVERNMENT BONDS - EUR,ETF,Vanguard
XYP1.MI,LU0925589839,XTRAC II EUROZ GOV YLD PLU 1-3 UCITS ETF,MARKIT IBOXX EUR SOV EUROZONE YIELD PLUS 1-3 TR,GOVERNMENT BONDS - EUR,ETF,Xtrackers - DWS
YIE10.MI,LU2976321161,YIS 1-10 Year EMU Government Bond UCITS ETF EUR,JPM ESG TILT EMU GOV BOND 1-10 YEAR IND,GOVERNMENT BONDS - EUR,ETF,YourIndex SICAV
ETFUST.MI,LU1931975319,AMUNDI PRIME US TREASURY UCITS ETF DR,SOLACTIVE US TREASURY BOND INDEX,GOVERNMENT BONDS - EX EUR,ETF,Amundi
ADLU.MI,IE000GBYNAU4,AXA IM US Treas 25+ Y UCITS ETF USD A,ICE US TREASURY 25+ YEAR BOND,GOVERNMENT BONDS - EX EUR,ETF,AXA IM
FGGB.MI,IE000IF0HTJ9,FIDELITY GLOBAL GOV CLIMATE UCITS ETF A,SOLACTIVE PARIS AWARE GLOBAL GOVERNMENT BOND INDEX,GOVERNMENT BONDS - EX EUR,ETF,Fidelity International
HSGE.MI,IE000389GTC0,HSBC GLOBAL ESG GOVERNMENT BOND UCITS ETF,BLOOMBERG MSCI GLOBAL TREASURY ESG WEIGHTED BOND,GOVERNMENT BONDS - EX EUR,ETF,HSBC
MUNI.MI,IE00BNG70R26,INVESCO US MUNICIPAL BOND UCITS ETF DIST,ICE BOFA US TAXABLE MUNICIPAL SECURITIES PLUS,GOVERNMENT BONDS - EX EUR,ETF,Invesco
CSBGU3.MI,IE00B3VWN179,ISHARES $ TREA 1-3YR UCITS ETF USD ACC B,BARCLAYS US TREASURY 1-3 YEAR TERM,GOVERNMENT BONDS - EX EUR,ETF,iShares
JU13.MI,IE00BD9MMD49,JPM BETABUIL TREAS 1-3 USD ACC UCITS ETF,J.P MORGAN GOV BOND INDEX US 1-3Y SELECT MATURITY,GOVERNMENT BONDS - EX EUR,ETF,JP Morgan
TRS3.MI,IE00BC7GZJ81,SPDR BL 1-3Y US TREAS BOND UCITS ETF,BLOOMBERG BARCLAYS US 1-3 YEAR TREASURY BOND TR,GOVERNMENT BONDS - EX EUR,ETF,SPDR
JT13.MI,LU2098179695,UBS BBG Japan Treasury 1-3 UCITS ETF JPY acc,BLOOMB BARCL GLOB JAPAN TREASURY 1-3 Y INDEX TR,GOVERNMENT BONDS - EX EUR,ETF,UBS
VDTE.MI,IE00BMX0B631,VANGUARD USD TREAS BOND UCITS ETF EURH A,BLOOMB BARCL GLOB AGGR USTREAS FLOAT ADJ,GOVERNMENT BONDS - EX EUR,ETF,Vanguard
TFRN.MI,IE00BJJYYX67,WISDOMTREE USD FLOAT TREASUR UCITS ETF A,BLOOMBERG BARCLAYS US TREASURY FLOATING RATE BOND,GOVERNMENT BONDS - EX EUR,ETF,WisdomTree
XZEG.MI,LU2385068593,XTRACKERS ESG GLB GOVERN UCITS ETF EUR H,FTSE ESG SELECT WORLD GOVERNMENT BOND INDEX - DM,GOVERNMENT BONDS - EX EUR,ETF,Xtrackers - DWS
GAGG.MI,LU1437024729,Amundi Core Global Aggregate Bond UCITS ETF Acc,BARCLAYS GLOBAL AGGREGATE BOND TR,GOVT + CORPORATE BOND,ETF,Amundi
GAGH.MI,LU1708330318,Amundi Core Global Aggregate Bond UCITS ETF EUR Hedged Acc,BLOOMBERG GLOBAL AGGREGATE BOND INDEX (EUR HEDGED),GOVT + CORPORATE BOND,ETF,Amundi
EJEGSS.MI,LU2365458814,BNP ESG GREEN SOC SUS EUR BOND UCITS ETF,JPMORGAN ESG GREEN SOCIAL&SUSTAIN IG EUR BOND INDX,GOVT + CORPORATE BOND,ETF,BNP Paribas
GSGR.MI,IE000L0X6L81,Goldman Gbl Green Bond UCITS ETF H D,SOLACTIVE GLOBAL GREEN BOND SELECT,GOVT + CORPORATE BOND,ETF,Goldman Sachs
HGAE.MI,IE0006CHRED6,HSBC Global Aggregate Bond UCITS ETF,BLOOMBERG GLOBAL AGGREGATE BOND,GOVT + CORPORATE BOND,ETF,HSBC
AGGH.MI,IE00BDBRDM35,ISHARES CORE GLB AG BOND UCITS ETF EUR H,BARCLAYS GLOBAL AGGREGATE BOND TR,GOVT + CORPORATE BOND,ETF,iShares
EUAG.MI,IE00B41RYL63,SPDR BBG EURO AGG BOND UCITS ETF (DIST),BLOOMBERG EURO AGGREGATE BOND INDEX,GOVT + CORPORATE BOND,ETF,SPDR
E15S.MI,LU1805389258,UBS Core BBG Euro Area Liquid Corp UCITS ETF EUR dis,Bloomberg Euro Area Liquid Corp Total Return Index,GOVT + CORPORATE BOND,ETF,UBS
VAGF.MI,IE00BG47KH54,VANGUARD GLOB AGGREGATE BOND UCITS ETF A,BLOOMB BARCL GLOBAL AGGREGATE FLOAT-ADJ AND SCALED,GOVT + CORPORATE BOND,ETF,Vanguard
XBAG.MI,LU0942970103,XTRACKERS II ESG GL AGGR BOND UCITS ETF,BLOOM MSCI GL AGGR SUST AND SRI CURREN NEUTR INDEX,GOVT + CORPORATE BOND,ETF,Xtrackers - DWS
GIST.MI,LU1910939849,Amd Glb Gvt Inf-Lnk Bnd 1-10Y UCITS ETF,BLOOM BARCLAYS GLOB INFLAT-LINKED 1-10 Y USD,INFLATION,ETF,Amundi
ITPD.MI,IE000F6XDNZ5,ISHARES $ TIPS UCITS ETF USD,BARCLAYS U.S. GOV INFLATION-LINKED ALL BONDS,INFLATION,ETF,iShares
TINE.MI,IE00BKX90X67,Janus Henderson US Enhanced Inflation Core UCITS ETF EUR-H Acc,BLOOMBERG BARCLAYS US ENHANCED INFLATION INDEX,INFLATION,ETF,Tabula
TIPS.MI,IE00BZ0G8977,SPDR BL US TIPS UCITS ETF,BARCLAYS U.S. GOV INFLATION-LINKED ALL BONDS,INFLATION,ETF,SPDR
INFL10.MI,LU1645381689,UBS BBG Euro Inflation Linked 10+ UCITS ETF EUR dis,BLOOMBERG BARCLAYS EURO GOV INFLATION-LINK 10+ Y,INFLATION,ETF,UBS
XGII.MI,LU0962078753,XTRACK II GL INF-LINK EUR H D UCITS ETF,BLOOMBERG BARCLAYS WORLD GOV INFL-LIN BOND EUR HED,INFLATION,ETF,Xtrackers - DWS
A01U.MI,IE00087GRUR0,AXA IM US Treas 0-1 Y UCITS ETF USD A,ICE BOFA 0-1 YEAR US TREASURY,LIQUIDITY,ETF,AXA IM
FEDF.MI,LU1233598447,Amndi Fed Fnds US Dollar Cash UCITS ETF,SOLACTIVE FED FUNDS EFFECTIVE RATE TR,LIQUIDITY,ETF,Amundi
MONEY.MI,IE0005PGDJ30,FINECO AM ESTR PLUS UCITS ETF A EUR Acc,SOLACTIVE ESTR +15BPS DAILY TR,LIQUIDITY,ETF,Fineco
FLUSA.MI,IE000E02WFD5,Franklin US Treasury 0-1 Year UCITS ETF USD Acc,BLOOMBERG US TREASURY SHORT INDEX TR,LIQUIDITY,ETF,Franklin Templeton
CLIP.MI,IE000GSIFIB0,GLOBAL X 1-3 MONTH T-BILL UCITS ETF,SOLACTIVE 1-3 MONTH US T-BILL,LIQUIDITY,ETF,Global X
MGIN.MI,IE00BQWJFQ70,SPDR MRN MULTI-AS GLB INFRAS UCITS ETF D,MORNINGSTAR GLOBAL MULTI-ASSET INFRASTRUCTURE,MULTI ASSET,ETF,SPDR
NTSZ.MI,IE000OV4XWA3,WisdomTree Eurozone Efficient Core UCITS ETF - EUR Acc,WISDOMTREE EUROZONE EFFICIENT CORE UCITS INDEX NTR,MULTI ASSET,ETF,WisdomTree
NTSG.MI,IE00077IIPQ8,WisdomTree Global Efficient Core UCITS ETF A,WISDOMTREE GLOBAL EFFICIENT CORE,MULTI ASSET,ETF,WisdomTree
