Date,Ticker,Open,High,Low,Close,Volume
2024-02-19,REWLD.MI,38.47,38.86,38.47,38.53,8189
2024-02-20,REWLD.MI,38.38,38.5,38.38,38.4,12451
2024-02-21,REWLD.MI,38.38,38.6,38.38,38.48,567
2024-02-22,REWLD.MI,38.48,38.71,38.48,38.64,492
2024-02-23,REWLD.MI,38.44,38.685,38.44,38.59,247
2024-02-26,REWLD.MI,38.265,38.265,38.175,38.175,384
2024-02-27,REWLD.MI,38.125,38.21,38.07,38.21,340
2024-02-28,REWLD.MI,38.04,38.12,37.865,38.12,490
2024-02-29,REWLD.MI,38.12,38.12,38.12,38.12,0
2024-03-01,REWLD.MI,38.49,38.605,38.41,38.605,596
2024-03-04,REWLD.MI,38.69,38.715,38.625,38.63,2820
2024-03-05,REWLD.MI,38.85,38.87,38.74,38.74,336
2024-03-06,REWLD.MI,38.595,38.595,38.54,38.585,347
2024-03-07,REWLD.MI,38.54,38.56,38.48,38.56,544
2024-03-08,REWLD.MI,38.655,38.93,38.59,38.93,597
2024-03-11,REWLD.MI,38.915,38.92,38.87,38.87,792
2024-03-12,REWLD.MI,38.87,38.87,38.765,38.765,2
2024-03-13,REWLD.MI,38.725,38.81,38.725,38.81,295
2024-03-14,REWLD.MI,38.69,38.69,38.27,38.27,969
2024-03-15,REWLD.MI,38.335,38.335,38.22,38.22,76
2024-03-18,REWLD.MI,38.32,38.4,38.29,38.4,54
2024-03-19,REWLD.MI,38.445,38.545,38.44,38.545,328
2024-03-20,REWLD.MI,38.47,38.665,38.47,38.56,168
2024-03-21,REWLD.MI,38.56,38.56,38.56,38.56,0
2024-03-22,REWLD.MI,38.56,38.56,38.56,38.56,0
2024-03-25,REWLD.MI,38.995,38.995,38.8,38.875,297
2024-03-26,REWLD.MI,38.705,38.765,38.7,38.75,2164
2024-03-27,REWLD.MI,38.87,39.32,38.725,39.185,300
2024-03-28,REWLD.MI,39.38,39.725,39.38,39.725,790
2024-04-02,REWLD.MI,39.43,39.43,38.9,38.935,169
2024-04-03,REWLD.MI,38.695,38.695,38.565,38.565,2
2024-04-04,REWLD.MI,38.565,38.845,38.565,38.845,114
2024-04-05,REWLD.MI,38.515,38.515,38.375,38.475,1064
2024-04-08,REWLD.MI,38.595,38.94,38.545,38.94,135
2024-04-09,REWLD.MI,38.965,39.215,38.96,39.14,1121
2024-04-10,REWLD.MI,39.14,39.14,39.14,39.14,0
2024-04-11,REWLD.MI,38.31,38.42,38.31,38.395,78
2024-04-12,REWLD.MI,38.395,38.395,38.395,38.395,0
2024-04-15,REWLD.MI,38.29,38.395,38.28,38.395,157
2024-04-16,REWLD.MI,37.655,37.655,37.61,37.61,8
2024-04-17,REWLD.MI,37.6,37.6,37.295,37.295,118
2024-04-18,REWLD.MI,37.3,37.335,37.175,37.335,70
2024-04-19,REWLD.MI,37.09,37.415,37.09,37.415,85
2024-04-22,REWLD.MI,37.62,37.62,37.6,37.6,300
2024-04-23,REWLD.MI,37.735,37.965,37.73,37.965,1135
2024-04-24,REWLD.MI,37.855,37.855,37.785,37.785,42
2024-04-25,REWLD.MI,37.785,37.785,37.445,37.445,2
2024-04-26,REWLD.MI,37.535,37.915,37.535,37.915,146
2024-04-29,REWLD.MI,37.79,38.04,37.79,38.04,711
2024-04-30,REWLD.MI,38.025,38.025,37.905,37.905,49
2024-05-02,REWLD.MI,37.97,38.0,37.97,38.0,62
2024-05-03,REWLD.MI,38.145,38.395,38.145,38.395,640
2024-05-06,REWLD.MI,38.5,38.5,38.425,38.425,185
2024-05-07,REWLD.MI,38.515,38.755,38.515,38.755,100
2024-05-08,REWLD.MI,38.675,38.675,38.545,38.545,2
2024-05-09,REWLD.MI,38.545,38.545,38.545,38.545,0
2024-05-10,REWLD.MI,38.545,38.545,38.545,38.545,0
2024-05-13,REWLD.MI,38.805,38.845,38.725,38.725,789
2024-05-14,REWLD.MI,38.94,38.94,38.94,38.94,135
2024-05-15,REWLD.MI,39.04,39.375,39.04,39.325,107
2024-05-16,REWLD.MI,39.305,39.365,39.305,39.365,4
2024-05-17,REWLD.MI,39.22,39.22,39.205,39.205,184
2024-05-20,REWLD.MI,39.29,39.32,39.29,39.32,611
2024-05-21,REWLD.MI,38.985,39.06,38.985,39.06,101
2024-05-22,REWLD.MI,38.94,39.0,38.94,39.0,4
2024-05-23,REWLD.MI,39.0,39.0,39.0,39.0,0
2024-05-24,REWLD.MI,38.075,38.125,38.075,38.08,733
2024-05-27,REWLD.MI,38.095,38.095,37.98,38.08,257
2024-05-28,REWLD.MI,38.08,38.08,38.08,38.08,0
2024-05-29,REWLD.MI,37.625,37.625,37.535,37.535,531
2024-05-30,REWLD.MI,37.57,37.95,37.57,37.95,132
2024-05-31,REWLD.MI,37.825,38.21,37.825,38.21,441
2024-06-03,REWLD.MI,38.4,38.685,38.4,38.455,45
2024-06-04,REWLD.MI,38.44,38.68,38.27,38.68,354
2024-06-05,REWLD.MI,38.71,38.78,38.7,38.78,254
2024-06-06,REWLD.MI,38.78,38.78,38.78,38.78,0
2024-06-07,REWLD.MI,38.78,38.78,38.78,38.78,0
2024-06-10,REWLD.MI,38.57,38.71,38.57,38.71,10
2024-06-11,REWLD.MI,38.52,38.55,38.52,38.55,104
2024-06-12,REWLD.MI,38.485,38.885,38.39,38.885,331
2024-06-13,REWLD.MI,38.505,38.69,38.42,38.69,585
2024-06-14,REWLD.MI,38.695,38.86,38.695,38.86,2401
2024-06-17,REWLD.MI,38.81,38.81,38.585,38.585,157
2024-06-18,REWLD.MI,38.63,38.775,38.63,38.775,3055
2024-06-19,REWLD.MI,38.76,38.76,38.65,38.65,183
2024-06-20,REWLD.MI,38.815,38.815,38.735,38.735,78
2024-06-21,REWLD.MI,38.72,38.77,38.72,38.77,87
2024-06-24,REWLD.MI,39.21,39.21,39.185,39.185,383
2024-06-25,REWLD.MI,39.05,39.05,38.655,38.655,2
2024-06-26,REWLD.MI,38.905,38.91,38.695,38.725,3297
2024-06-27,REWLD.MI,38.725,38.725,38.725,38.725,0
2024-06-28,REWLD.MI,38.975,39.0,38.91,38.92,724
2024-07-01,REWLD.MI,39.115,39.115,38.685,38.685,4
2024-07-02,REWLD.MI,38.59,38.89,38.59,38.89,178
2024-07-03,REWLD.MI,38.83,38.885,38.83,38.885,2
2024-07-04,REWLD.MI,38.9,38.995,38.895,38.895,84
2024-07-05,REWLD.MI,38.895,38.895,38.895,38.895,0
2024-07-08,REWLD.MI,38.84,38.84,38.81,38.81,260
2024-07-09,REWLD.MI,38.995,38.995,38.815,38.815,264
2024-07-10,REWLD.MI,38.95,39.115,38.95,39.115,416
2024-07-11,REWLD.MI,39.15,40.01,39.15,40.01,803
2024-07-12,REWLD.MI,40.155,40.325,40.155,40.185,55
2024-07-15,REWLD.MI,40.2,40.345,40.2,40.34,652
2024-07-16,REWLD.MI,40.5,40.54,40.485,40.54,4
2024-07-17,REWLD.MI,40.69,41.0,40.565,40.955,227
2024-07-18,REWLD.MI,40.795,41.225,40.795,41.05,7
2024-07-19,REWLD.MI,40.415,40.415,40.4,40.4,178
2024-07-22,REWLD.MI,40.4,40.4,40.4,40.4,0
2024-07-23,REWLD.MI,40.4,40.4,40.4,40.4,0
2024-07-24,REWLD.MI,40.4,40.4,40.4,40.4,0
2024-07-25,REWLD.MI,40.235,40.365,40.155,40.365,106
2024-07-26,REWLD.MI,40.365,40.365,40.365,40.365,0
2024-07-29,REWLD.MI,40.365,40.365,40.365,40.365,0
2024-07-30,REWLD.MI,40.93,40.93,40.93,40.93,68
2024-07-31,REWLD.MI,41.255,41.255,41.215,41.23,356
2024-08-01,REWLD.MI,40.96,41.21,40.96,41.055,412
2024-08-02,REWLD.MI,40.835,40.915,40.36,40.36,172
2024-08-05,REWLD.MI,39.59,40.095,39.4,40.095,410
2024-08-06,REWLD.MI,39.92,40.19,39.745,40.19,267
2024-08-07,REWLD.MI,40.675,40.995,40.675,40.995,1513
2024-08-08,REWLD.MI,40.695,40.695,40.695,40.695,746
2024-08-09,REWLD.MI,40.915,40.915,40.8,40.8,70
2024-08-12,REWLD.MI,40.8,40.8,40.8,40.8,0
2024-08-13,REWLD.MI,40.71,40.92,40.71,40.92,1
2024-08-14,REWLD.MI,41.03,41.03,41.03,41.03,119
2024-08-16,REWLD.MI,41.25,41.25,40.98,40.98,234
2024-08-19,REWLD.MI,41.12,41.215,40.96,41.215,152
2024-08-20,REWLD.MI,41.215,41.215,41.215,41.215,0
2024-08-21,REWLD.MI,41.0,41.0,40.92,40.92,80
2024-08-22,REWLD.MI,41.215,41.24,41.215,41.24,15
2024-08-23,REWLD.MI,41.7,41.76,41.7,41.76,53
2024-08-26,REWLD.MI,41.94,42.135,41.94,42.06,401
2024-08-27,REWLD.MI,41.99,41.995,41.95,41.995,94
2024-08-28,REWLD.MI,42.41,42.41,42.25,42.25,1
2024-08-29,REWLD.MI,42.25,42.25,42.25,42.25,0
2024-08-30,REWLD.MI,42.135,42.36,42.135,42.265,325
2024-09-02,REWLD.MI,42.3,42.53,42.3,42.53,47
2024-09-03,REWLD.MI,42.525,42.525,42.415,42.415,13
2024-09-04,REWLD.MI,42.355,42.44,42.26,42.44,793
2024-09-05,REWLD.MI,42.44,42.44,42.44,42.44,0
2024-09-06,REWLD.MI,42.44,42.44,42.44,42.44,0
2024-09-09,REWLD.MI,42.47,42.705,42.435,42.695,77
2024-09-10,REWLD.MI,42.695,42.695,42.695,42.695,0
2024-09-11,REWLD.MI,42.695,42.695,42.695,42.695,0
2024-09-12,REWLD.MI,42.695,42.695,42.695,42.695,0
2024-09-13,REWLD.MI,43.49,43.815,43.49,43.65,170
2024-09-16,REWLD.MI,43.785,43.82,43.695,43.695,184
2024-09-17,REWLD.MI,43.72,43.72,43.71,43.71,134
2024-09-18,REWLD.MI,43.335,43.44,43.335,43.42,322
2024-09-19,REWLD.MI,43.6,43.6,43.435,43.435,1481
2024-09-20,REWLD.MI,43.255,43.255,43.18,43.18,4
2024-09-23,REWLD.MI,43.325,43.62,43.325,43.62,7
2024-09-24,REWLD.MI,43.665,43.665,43.575,43.575,59
2024-09-25,REWLD.MI,43.575,43.575,43.575,43.575,0
2024-09-26,REWLD.MI,43.61,43.635,43.33,43.33,2488
2024-09-27,REWLD.MI,43.46,43.475,43.46,43.475,600
2024-09-30,REWLD.MI,43.475,43.475,43.475,43.475,0
2024-10-01,REWLD.MI,43.63,43.675,43.41,43.41,967
2024-10-02,REWLD.MI,43.385,43.43,43.385,43.43,42
2024-10-03,REWLD.MI,43.135,43.135,43.13,43.135,315
2024-10-04,REWLD.MI,43.23,43.23,43.085,43.085,18
2024-10-07,REWLD.MI,43.0,43.0,42.785,42.785,33
2024-10-08,REWLD.MI,42.605,42.905,42.59,42.77,509
2024-10-09,REWLD.MI,42.77,42.77,42.77,42.77,0
2024-10-10,REWLD.MI,42.565,42.645,42.56,42.645,657
2024-10-11,REWLD.MI,42.645,42.825,42.445,42.825,43
2024-10-14,REWLD.MI,42.975,43.145,42.975,43.145,70
2024-10-15,REWLD.MI,43.285,43.645,43.285,43.645,40
2024-10-16,REWLD.MI,43.44,43.9,43.44,43.9,107
2024-10-17,REWLD.MI,43.95,44.02,43.945,43.995,148
2024-10-18,REWLD.MI,43.95,43.975,43.875,43.93,536
2024-10-21,REWLD.MI,43.93,43.93,43.93,43.93,0
2024-10-22,REWLD.MI,43.93,43.93,43.93,43.93,0
2024-10-23,REWLD.MI,43.185,43.58,43.185,43.58,6
2024-10-24,REWLD.MI,43.58,43.685,43.58,43.59,312
2024-10-25,REWLD.MI,43.525,43.525,43.51,43.51,57
2024-10-28,REWLD.MI,43.325,43.51,43.325,43.355,28
2024-10-29,REWLD.MI,43.215,43.315,43.215,43.255,190
2024-10-30,REWLD.MI,43.16,43.16,42.96,43.095,283
2024-10-31,REWLD.MI,42.78,42.78,42.69,42.69,60
2024-11-01,REWLD.MI,42.43,42.43,42.425,42.425,33
2024-11-04,REWLD.MI,41.905,42.22,41.905,42.22,363
2024-11-05,REWLD.MI,42.16,42.315,42.155,42.265,30
2024-11-06,REWLD.MI,42.265,42.265,42.265,42.265,0
2024-11-07,REWLD.MI,42.36,42.665,42.36,42.665,81
2024-11-08,REWLD.MI,43.255,43.35,43.255,43.35,641
2024-11-11,REWLD.MI,43.695,43.86,43.695,43.86,2434
2024-11-12,REWLD.MI,43.385,43.56,43.32,43.32,460
2024-11-13,REWLD.MI,43.32,43.32,43.32,43.32,0
2024-11-14,REWLD.MI,43.52,43.52,43.29,43.29,108
2024-11-15,REWLD.MI,42.99,43.235,42.985,43.235,425
2024-11-18,REWLD.MI,43.0,43.22,42.985,43.22,643
2024-11-19,REWLD.MI,43.22,43.22,43.22,43.22,0
2024-11-20,REWLD.MI,43.59,43.59,43.445,43.45,409
2024-11-21,REWLD.MI,43.38,43.815,43.38,43.815,716
2024-11-22,REWLD.MI,44.115,44.445,44.1,44.1,1356
2024-11-25,REWLD.MI,44.395,44.585,44.34,44.58,1623
2024-11-26,REWLD.MI,44.315,44.745,44.29,44.745,142
2024-11-27,REWLD.MI,44.655,44.89,44.655,44.89,71
2024-11-28,REWLD.MI,44.665,44.94,44.665,44.94,65
2024-11-29,REWLD.MI,44.91,44.91,44.865,44.865,207
2024-12-02,REWLD.MI,44.705,44.825,44.705,44.735,35
2024-12-03,REWLD.MI,44.44,44.445,44.215,44.215,514
2024-12-04,REWLD.MI,44.215,44.215,44.215,44.215,0
2024-12-05,REWLD.MI,44.035,44.06,43.65,43.65,296
2024-12-06,REWLD.MI,43.675,43.675,43.64,43.64,8
2024-12-09,REWLD.MI,43.75,43.75,43.525,43.63,89
2024-12-10,REWLD.MI,43.63,43.63,43.63,43.63,0
2024-12-11,REWLD.MI,41.74,41.93,41.74,41.775,5
2024-12-12,REWLD.MI,41.57,41.965,41.57,41.965,76
2024-12-13,REWLD.MI,41.735,41.735,41.565,41.565,335
2024-12-16,REWLD.MI,41.37,41.59,41.365,41.59,328
2024-12-17,REWLD.MI,41.34,41.34,41.2,41.33,154
2024-12-18,REWLD.MI,41.395,41.395,41.27,41.27,88
2024-12-19,REWLD.MI,40.465,40.465,40.16,40.165,71
2024-12-20,REWLD.MI,39.695,40.34,39.695,40.34,455
2024-12-23,REWLD.MI,40.45,40.45,40.085,40.435,319
2024-12-27,REWLD.MI,40.77,40.77,40.565,40.595,701
2024-12-30,REWLD.MI,40.465,40.535,40.03,40.265,382
2025-01-02,REWLD.MI,41.045,41.33,40.76,41.33,139
2025-01-03,REWLD.MI,40.835,41.045,40.835,41.045,65
2025-01-06,REWLD.MI,41.045,41.045,41.045,41.045,0
2025-01-07,REWLD.MI,40.27,40.6,40.27,40.455,565
2025-01-08,REWLD.MI,40.56,40.56,40.56,40.56,16
2025-01-09,REWLD.MI,40.315,40.45,40.235,40.3,312
2025-01-10,REWLD.MI,40.49,40.49,40.01,40.01,14
2025-01-13,REWLD.MI,39.6,39.86,39.6,39.835,454
2025-01-14,REWLD.MI,40.25,40.25,40.14,40.14,6
2025-01-15,REWLD.MI,40.39,40.785,40.39,40.625,5
2025-01-16,REWLD.MI,40.57,40.87,40.57,40.87,11
2025-01-17,REWLD.MI,41.14,41.16,41.14,41.16,25
2025-01-20,REWLD.MI,40.825,40.825,40.785,40.785,38
2025-01-21,REWLD.MI,40.865,41.04,40.86,41.04,28
2025-01-22,REWLD.MI,41.05,41.15,40.835,40.835,230
2025-01-23,REWLD.MI,40.79,40.805,40.79,40.805,4
2025-01-24,REWLD.MI,40.76,40.85,40.76,40.815,67
2025-01-27,REWLD.MI,40.855,41.355,40.855,40.935,63
2025-01-28,REWLD.MI,41.26,41.26,41.245,41.245,257
2025-01-29,REWLD.MI,41.305,41.405,41.065,41.065,310
2025-01-30,REWLD.MI,40.91,41.48,40.91,41.48,8
2025-01-31,REWLD.MI,41.375,41.61,41.375,41.61,11
2025-02-03,REWLD.MI,41.475,41.56,41.39,41.56,76
2025-02-04,REWLD.MI,41.215,41.22,41.17,41.22,279
2025-02-05,REWLD.MI,41.295,41.545,41.295,41.545,353
2025-02-06,REWLD.MI,41.86,41.895,41.86,41.895,1
2025-02-07,REWLD.MI,41.77,41.855,41.765,41.765,195
2025-02-10,REWLD.MI,41.89,42.075,41.89,42.075,176
2025-02-11,REWLD.MI,41.905,41.905,41.825,41.825,2
2025-02-12,REWLD.MI,41.97,41.97,41.415,41.415,33
2025-02-13,REWLD.MI,41.415,41.415,41.415,41.415,0
2025-02-14,REWLD.MI,41.6,41.6,41.575,41.575,28
2025-02-17,REWLD.MI,41.61,41.665,41.405,41.615,380
2025-02-18,REWLD.MI,41.505,41.715,41.505,41.715,14
2025-02-19,REWLD.MI,41.69,41.815,41.66,41.67,442
2025-02-20,REWLD.MI,41.58,41.615,41.58,41.615,22
2025-02-21,REWLD.MI,41.615,41.615,41.615,41.615,0
2025-02-24,REWLD.MI,41.655,41.655,41.655,41.655,4
2025-02-25,REWLD.MI,41.535,41.71,41.535,41.705,175
2025-02-26,REWLD.MI,41.72,41.845,41.72,41.845,423
2025-02-27,REWLD.MI,41.89,42.18,41.69,42.18,378
2025-02-28,REWLD.MI,42.13,42.135,42.13,42.135,178
2025-03-03,REWLD.MI,42.12,42.235,41.96,42.235,256
2025-03-04,REWLD.MI,41.825,41.825,41.45,41.45,84
2025-03-05,REWLD.MI,41.135,41.14,40.535,40.535,384
2025-03-06,REWLD.MI,40.545,40.545,40.155,40.155,58
2025-03-07,REWLD.MI,39.92,39.92,39.68,39.68,96
2025-03-10,REWLD.MI,39.89,39.89,39.715,39.755,161
2025-03-11,REWLD.MI,39.49,39.49,39.005,39.005,140
2025-03-12,REWLD.MI,39.005,39.005,39.005,39.005,0
2025-03-13,REWLD.MI,39.17,39.32,38.855,38.855,102
2025-03-14,REWLD.MI,38.815,39.195,38.815,39.005,38
2025-03-17,REWLD.MI,39.59,39.59,39.555,39.555,31
2025-03-18,REWLD.MI,39.55,39.6,39.345,39.345,196
2025-03-19,REWLD.MI,39.535,39.55,39.44,39.44,223
2025-03-20,REWLD.MI,39.555,39.585,39.555,39.585,165
2025-03-21,REWLD.MI,39.45,39.49,39.1,39.355,170
2025-03-24,REWLD.MI,39.925,39.925,39.34,39.9,153
2025-03-25,REWLD.MI,39.9,39.9,39.9,39.9,0
2025-03-26,REWLD.MI,39.9,39.9,39.9,39.9,0
2025-03-27,REWLD.MI,39.85,39.85,39.71,39.71,20
2025-03-28,REWLD.MI,39.525,39.525,39.24,39.24,4
2025-03-31,REWLD.MI,39.28,39.65,39.28,39.64,11
2025-04-01,REWLD.MI,39.785,39.95,39.785,39.95,45
2025-04-02,REWLD.MI,39.625,39.67,39.625,39.67,2
2025-04-03,REWLD.MI,39.305,39.305,37.995,38.46,352
2025-04-04,REWLD.MI,37.6,38.34,37.145,37.145,40
2025-04-07,REWLD.MI,35.395,36.025,35.335,35.655,713
2025-04-08,REWLD.MI,36.525,36.53,36.31,36.31,1124
2025-04-09,REWLD.MI,34.51,34.655,34.45,34.655,601
2025-04-10,REWLD.MI,34.655,34.655,34.655,34.655,0
2025-04-11,REWLD.MI,35.63,35.63,35.08,35.105,248
2025-04-14,REWLD.MI,36.09,36.36,36.09,36.36,1
2025-04-15,REWLD.MI,36.565,37.04,36.565,37.04,53
2025-04-16,REWLD.MI,36.905,37.095,36.905,37.095,15
2025-04-17,REWLD.MI,36.91,37.295,36.91,37.295,40
2025-04-22,REWLD.MI,36.82,36.98,36.625,36.98,347
2025-04-23,REWLD.MI,36.98,36.98,36.98,36.98,0
2025-04-24,REWLD.MI,37.22,37.675,37.22,37.675,8
2025-04-25,REWLD.MI,37.5,37.5,37.435,37.435,41
2025-04-28,REWLD.MI,37.5,37.585,37.5,37.585,100
2025-04-29,REWLD.MI,37.585,37.585,37.585,37.585,0
2025-04-30,REWLD.MI,37.585,37.585,37.585,37.585,0
2025-05-02,REWLD.MI,38.48,38.76,38.175,38.76,218
2025-05-05,REWLD.MI,38.76,38.76,38.76,38.76,0
2025-05-06,REWLD.MI,38.435,38.72,38.435,38.72,211
2025-05-07,REWLD.MI,38.71,38.71,38.71,38.71,15
2025-05-08,REWLD.MI,38.73,38.925,38.71,38.71,401
2025-05-09,REWLD.MI,38.725,38.91,38.725,38.91,8
2025-05-12,REWLD.MI,39.475,39.475,39.38,39.45,363
2025-05-13,REWLD.MI,39.335,39.335,38.93,38.93,104
2025-05-14,REWLD.MI,38.62,38.62,38.445,38.445,60
2025-05-15,REWLD.MI,38.755,38.935,38.755,38.935,23
2025-05-16,REWLD.MI,39.2,39.345,39.2,39.345,65
2025-05-19,REWLD.MI,38.915,39.185,38.915,39.185,2
2025-05-20,REWLD.MI,39.175,39.34,39.17,39.17,455
2025-05-21,REWLD.MI,38.65,38.65,38.595,38.595,120
2025-05-22,REWLD.MI,38.36,38.36,38.055,38.055,65
2025-05-23,REWLD.MI,38.235,38.235,37.87,37.965,253
2025-05-26,REWLD.MI,37.965,37.965,37.965,37.965,0
2025-05-27,REWLD.MI,38.425,38.61,38.35,38.61,181
2025-05-28,REWLD.MI,38.925,38.925,38.68,38.68,756
2025-05-29,REWLD.MI,38.94,39.02,38.905,38.905,54
2025-05-30,REWLD.MI,38.905,38.905,38.905,38.905,0
2025-06-02,REWLD.MI,38.84,38.84,38.415,38.84,45
2025-06-03,REWLD.MI,38.73,39.02,38.73,38.87,196
2025-06-04,REWLD.MI,38.99,38.99,38.815,38.815,67
2025-06-05,REWLD.MI,38.69,38.785,38.69,38.785,1860
2025-06-06,REWLD.MI,38.915,39.22,38.915,39.015,348
2025-06-09,REWLD.MI,39.14,39.14,39.14,39.14,4
2025-06-10,REWLD.MI,39.32,39.35,39.145,39.35,492
2025-06-11,REWLD.MI,39.19,39.195,39.19,39.195,41
2025-06-12,REWLD.MI,39.195,39.195,39.195,39.195,0
2025-06-13,REWLD.MI,39.195,39.195,39.195,39.195,0
2025-06-16,REWLD.MI,38.645,38.77,38.55,38.77,618
2025-06-17,REWLD.MI,38.525,38.705,38.52,38.705,698
2025-06-18,REWLD.MI,38.745,38.91,38.745,38.91,5
2025-06-19,REWLD.MI,38.91,38.91,38.91,38.91,0
2025-06-20,REWLD.MI,38.695,38.9,38.695,38.83,47
2025-06-23,REWLD.MI,38.935,39.005,38.855,38.96,74
2025-06-24,REWLD.MI,39.035,39.035,38.84,38.84,37
2025-06-25,REWLD.MI,38.89,38.89,38.36,38.36,261
2025-06-26,REWLD.MI,37.9,38.04,37.78,37.91,130
2025-06-27,REWLD.MI,37.905,38.125,37.905,38.125,110
2025-06-30,REWLD.MI,37.94,37.94,37.76,37.76,4
2025-07-01,REWLD.MI,37.97,38.345,37.97,38.345,282
2025-07-02,REWLD.MI,38.345,38.345,38.345,38.345,0
2025-07-03,REWLD.MI,38.345,38.345,38.345,38.345,0
2025-07-04,REWLD.MI,38.345,38.345,38.345,38.345,0
2025-07-07,REWLD.MI,38.335,38.335,38.15,38.2,575
2025-07-08,REWLD.MI,38.07,38.07,38.07,38.07,4
2025-07-09,REWLD.MI,37.84,37.91,37.84,37.91,59
2025-07-10,REWLD.MI,37.9,38.165,37.9,38.165,14
2025-07-11,REWLD.MI,38.165,38.165,38.165,38.165,0
2025-07-14,REWLD.MI,38.165,38.165,38.165,38.165,0
2025-07-15,REWLD.MI,38.46,38.46,38.305,38.305,20
2025-07-16,REWLD.MI,38.075,38.075,37.99,37.99,587
2025-07-17,REWLD.MI,38.26,38.34,38.25,38.315,650
2025-07-18,REWLD.MI,38.185,38.25,38.165,38.165,198
2025-07-21,REWLD.MI,38.25,38.4,38.25,38.325,100
2025-07-22,REWLD.MI,38.26,38.45,38.26,38.45,291
2025-07-23,REWLD.MI,38.685,38.715,38.65,38.65,281
2025-07-24,REWLD.MI,38.65,38.65,38.65,38.65,0
2025-07-25,REWLD.MI,38.355,38.355,38.26,38.28,155
2025-07-28,REWLD.MI,38.59,38.63,38.59,38.61,188
2025-07-29,REWLD.MI,38.435,38.93,38.435,38.93,22
2025-07-30,REWLD.MI,38.93,38.93,38.93,38.93,0
2025-07-31,REWLD.MI,38.95,38.95,38.725,38.8,72
2025-08-01,REWLD.MI,38.09,38.09,38.09,38.09,17
2025-08-04,REWLD.MI,38.17,38.745,38.17,38.465,60
2025-08-05,REWLD.MI,38.465,38.465,38.465,38.465,0
2025-08-06,REWLD.MI,38.77,38.77,38.555,38.655,60
2025-08-07,REWLD.MI,38.405,38.42,38.4,38.42,217
2025-08-08,REWLD.MI,38.68,38.68,38.47,38.47,100
2025-08-11,REWLD.MI,38.445,38.73,38.355,38.46,477
2025-08-12,REWLD.MI,38.375,38.375,38.035,38.035,226
2025-08-13,REWLD.MI,38.35,38.39,38.35,38.39,72
2025-08-14,REWLD.MI,38.39,38.39,38.39,38.39,0
2025-08-18,REWLD.MI,38.415,38.53,38.415,38.45,74
2025-08-19,REWLD.MI,39.33,39.33,38.705,38.705,7
2025-08-20,REWLD.MI,38.97,39.075,38.945,38.945,464
2025-08-21,REWLD.MI,38.935,39.075,38.89,38.98,96
2025-08-22,REWLD.MI,39.02,39.335,39.015,39.335,238
2025-08-25,REWLD.MI,39.265,39.265,39.07,39.07,128
2025-08-26,REWLD.MI,39.3,39.3,39.07,39.07,50
2025-08-27,REWLD.MI,39.07,39.07,39.07,39.07,0
2025-08-28,REWLD.MI,39.585,39.585,39.23,39.23,400
2025-08-29,REWLD.MI,39.25,39.25,39.18,39.18,18
2025-09-01,REWLD.MI,39.31,39.405,39.31,39.405,48
2025-09-02,REWLD.MI,39.04,39.04,38.86,38.86,41
2025-09-03,REWLD.MI,38.72,38.85,38.72,38.72,35
2025-09-04,REWLD.MI,39.125,39.125,38.9,38.95,58
2025-09-05,REWLD.MI,39.095,39.28,39.045,39.28,50
2025-09-08,REWLD.MI,39.28,39.28,39.28,39.28,0
2025-09-09,REWLD.MI,39.25,39.425,39.21,39.21,51
2025-09-10,REWLD.MI,39.21,39.21,39.21,39.21,0
2025-09-11,REWLD.MI,39.415,39.67,39.415,39.67,26
2025-09-12,REWLD.MI,39.74,39.835,39.74,39.835,7
2025-09-15,REWLD.MI,39.61,39.755,39.61,39.67,54
2025-09-16,REWLD.MI,39.245,39.26,39.165,39.165,27
2025-09-17,REWLD.MI,39.09,39.22,39.09,39.22,87
2025-09-18,REWLD.MI,39.245,39.245,39.2,39.2,2
2025-09-19,REWLD.MI,38.925,39.245,38.92,39.245,240
2025-09-22,REWLD.MI,38.88,39.035,38.88,39.035,190
2025-09-23,REWLD.MI,39.05,39.18,39.04,39.04,297
2025-09-24,REWLD.MI,39.125,39.185,39.095,39.185,19
2025-09-25,REWLD.MI,39.325,39.325,38.995,38.995,1
2025-09-26,REWLD.MI,38.995,38.995,38.995,38.995,0
2025-09-29,REWLD.MI,39.305,39.305,39.215,39.215,35
2025-09-30,REWLD.MI,39.09,39.285,39.09,39.285,501
2025-10-01,REWLD.MI,39.305,39.605,39.305,39.605,49
2025-10-02,REWLD.MI,39.445,39.58,39.375,39.445,149
2025-10-03,REWLD.MI,39.42,39.69,39.42,39.515,414
2025-10-06,REWLD.MI,39.85,39.85,39.64,39.64,229
2025-10-07,REWLD.MI,39.455,39.625,39.385,39.595,286
2025-10-08,REWLD.MI,39.42,39.5,39.39,39.5,255
2025-10-09,REWLD.MI,39.39,39.595,39.255,39.595,73
2025-10-10,REWLD.MI,39.4,39.4,38.78,38.78,184
2025-10-13,REWLD.MI,39.015,39.11,38.875,39.11,68
2025-10-14,REWLD.MI,38.905,39.285,38.905,39.285,34
2025-10-15,REWLD.MI,39.405,39.84,39.305,39.68,45
2025-10-16,REWLD.MI,39.38,39.905,39.38,39.86,353
2025-10-17,REWLD.MI,39.34,39.8,39.195,39.8,126
2025-10-20,REWLD.MI,40.0,40.355,40.0,40.355,6
2025-10-21,REWLD.MI,40.2,40.28,40.135,40.28,293
2025-10-22,REWLD.MI,40.33,40.335,40.17,40.335,332
2025-10-23,REWLD.MI,40.72,40.72,40.3,40.435,1083
2025-10-27,REWLD.MI,40.5,40.51,40.41,40.51,13
2025-10-28,REWLD.MI,40.46,40.46,39.99,39.99,115
2025-10-29,REWLD.MI,39.99,39.99,39.99,39.99,0
2025-10-30,REWLD.MI,39.08,39.585,39.08,39.585,4
2025-10-31,REWLD.MI,39.365,39.525,39.365,39.525,80
2025-11-03,REWLD.MI,39.605,39.605,39.36,39.405,46
2025-11-04,REWLD.MI,39.405,39.405,39.405,39.405,0
2025-11-05,REWLD.MI,39.405,39.405,39.405,39.405,0
2025-11-06,REWLD.MI,39.73,39.73,39.56,39.56,890
2025-11-07,REWLD.MI,39.66,39.66,39.505,39.565,288
2025-11-10,REWLD.MI,39.8,39.95,39.76,39.95,550
2025-11-11,REWLD.MI,40.02,40.02,39.995,39.995,63
2025-11-12,REWLD.MI,40.055,40.06,40.055,40.06,8
2025-11-13,REWLD.MI,40.06,40.06,40.06,40.06,0
2025-11-14,REWLD.MI,39.24,39.5,39.24,39.5,119
2025-11-17,REWLD.MI,39.59,39.68,39.5,39.62,52
2025-11-18,REWLD.MI,39.52,39.52,39.185,39.355,80
2025-11-19,REWLD.MI,39.36,39.36,39.27,39.27,34
2025-11-20,REWLD.MI,39.26,39.45,39.26,39.45,337
2025-11-21,REWLD.MI,39.315,39.51,39.315,39.51,50
2025-11-24,REWLD.MI,39.525,39.88,39.525,39.88,25
2025-11-25,REWLD.MI,39.84,39.95,39.84,39.95,76
2025-11-26,REWLD.MI,39.82,40.075,39.78,40.075,397
2025-11-27,REWLD.MI,39.985,40.09,39.985,40.09,150
2025-11-28,REWLD.MI,40.545,40.545,40.185,40.24,204
2025-12-01,REWLD.MI,39.875,39.875,39.785,39.82,286
2025-12-02,REWLD.MI,39.915,39.915,39.75,39.89,2542
2025-12-03,REWLD.MI,39.685,39.685,39.585,39.585,42
2025-12-04,REWLD.MI,39.47,39.57,39.47,39.57,204
2025-12-05,REWLD.MI,39.405,39.53,39.3,39.53,2459
2025-12-08,REWLD.MI,39.3,39.335,39.3,39.335,9
2025-12-09,REWLD.MI,38.06,38.315,38.06,38.12,430
2025-12-10,REWLD.MI,37.905,38.075,37.9,38.075,437
2025-12-11,REWLD.MI,37.925,37.925,37.91,37.91,135
2025-12-12,REWLD.MI,37.99,37.99,37.99,37.99,135
2025-12-15,REWLD.MI,38.365,38.365,38.035,38.035,241
2025-12-16,REWLD.MI,37.98,38.005,37.895,37.895,43
2025-12-17,REWLD.MI,37.835,37.89,37.835,37.89,32
2025-12-18,REWLD.MI,38.14,38.235,38.13,38.13,75
2025-12-19,REWLD.MI,38.13,38.13,38.13,38.13,0
2025-12-22,REWLD.MI,37.95,38.015,37.775,37.99,85
2025-12-23,REWLD.MI,38.03,38.03,37.925,38.02,750
2025-12-29,REWLD.MI,38.31,38.385,38.3,38.345,369
2025-12-30,REWLD.MI,38.26,38.37,38.26,38.37,100
2026-01-02,REWLD.MI,38.115,38.175,38.115,38.175,51
2026-01-05,REWLD.MI,38.385,38.385,38.305,38.375,171
2026-01-06,REWLD.MI,38.33,38.61,38.33,38.61,207
2026-01-07,REWLD.MI,39.005,39.075,39.005,39.075,354
2026-01-08,REWLD.MI,38.745,39.195,38.745,39.195,90
2026-01-09,REWLD.MI,39.195,39.195,39.195,39.195,0
2026-01-12,REWLD.MI,39.11,39.265,39.11,39.265,673
2026-01-13,REWLD.MI,39.105,39.19,39.05,39.05,24
2026-01-14,REWLD.MI,39.12,39.36,39.12,39.32,467
2026-01-15,REWLD.MI,39.61,40.06,39.61,40.06,30
2026-01-16,REWLD.MI,40.06,40.06,40.06,40.06,0
2026-01-19,REWLD.MI,40.06,40.06,39.82,39.82,120
2026-01-20,REWLD.MI,39.485,39.485,39.275,39.335,1913
2026-01-21,REWLD.MI,39.235,39.235,39.23,39.23,30
2026-01-22,REWLD.MI,39.45,39.45,39.31,39.31,541
2026-01-23,REWLD.MI,38.995,38.995,38.9,38.965,255
2026-01-26,REWLD.MI,38.85,38.94,38.77,38.785,345
2026-01-27,REWLD.MI,38.645,38.645,38.55,38.55,37
2026-01-28,REWLD.MI,38.48,38.7,38.48,38.7,26
2026-01-29,REWLD.MI,38.24,38.785,38.24,38.785,233
2026-01-30,REWLD.MI,38.8,38.81,38.8,38.81,302
2026-02-02,REWLD.MI,38.815,39.3,38.815,39.3,451
2026-02-03,REWLD.MI,39.095,39.17,39.02,39.02,266
2026-02-04,REWLD.MI,39.02,39.02,39.02,39.02,0
2026-02-05,REWLD.MI,39.75,39.75,39.735,39.735,5
2026-02-06,REWLD.MI,39.95,39.97,39.81,39.95,64
2026-02-09,REWLD.MI,40.17,40.17,40.0,40.13,73
2026-02-10,REWLD.MI,40.32,40.625,40.32,40.625,284
2026-02-11,REWLD.MI,40.705,41.15,40.705,41.15,37
2026-02-12,REWLD.MI,41.22,41.22,41.17,41.17,26
2026-02-13,REWLD.MI,40.745,41.22,40.745,41.22,79
2026-02-16,REWLD.MI,41.5,41.51,41.5,41.51,116
2026-02-17,REWLD.MI,41.545,41.65,41.425,41.625,5804
2026-02-18,REWLD.MI,41.74,41.8,41.45,41.45,937
2026-02-19,REWLD.MI,41.45,41.45,41.45,41.45,0
2026-02-20,REWLD.MI,41.44,41.625,41.44,41.625,1853
2026-02-23,REWLD.MI,41.58,41.925,41.58,41.755,586
2026-02-24,REWLD.MI,41.71,41.875,41.665,41.665,98
2026-02-25,REWLD.MI,41.955,41.955,41.82,41.83,2919
2026-02-26,REWLD.MI,41.96,42.005,41.865,42.005,441
2026-02-27,REWLD.MI,42.005,42.005,42.005,42.005,0
2026-03-02,REWLD.MI,41.86,42.18,41.82,42.18,887
2026-03-03,REWLD.MI,41.785,41.83,41.665,41.665,92
2026-03-04,REWLD.MI,41.705,41.83,41.705,41.76,491
2026-03-05,REWLD.MI,41.85,41.985,41.6,41.6,895
2026-03-09,REWLD.MI,40.735,40.85,40.715,40.805,33
2026-03-10,REWLD.MI,41.235,41.45,41.005,41.45,167
2026-03-11,REWLD.MI,41.45,41.45,41.45,41.45,0
2026-03-12,REWLD.MI,40.76,40.885,40.76,40.885,120
2026-03-13,REWLD.MI,41.0,41.05,41.0,41.05,182
2026-03-16,REWLD.MI,41.04,41.445,41.04,41.21,179
2026-03-17,REWLD.MI,41.21,41.21,41.21,41.21,0
2026-03-18,REWLD.MI,41.465,41.465,41.1,41.1,552
2026-03-19,REWLD.MI,41.1,41.1,41.1,41.1,0
2026-03-20,REWLD.MI,40.125,40.125,39.485,39.485,350
2026-03-23,REWLD.MI,38.67,39.58,38.67,39.375,19
2026-03-24,REWLD.MI,39.18,39.305,39.18,39.305,50
2026-03-25,REWLD.MI,39.465,39.465,39.245,39.31,124
2026-03-26,REWLD.MI,39.31,39.31,39.31,39.31,0
2026-03-27,REWLD.MI,38.8,38.88,38.785,38.88,94
2026-03-30,REWLD.MI,39.1,39.36,38.815,39.36,78
2026-03-31,REWLD.MI,39.36,39.36,39.36,39.36,0
2026-04-01,REWLD.MI,39.56,39.575,39.56,39.575,41
2026-04-02,REWLD.MI,39.775,39.975,39.775,39.975,30
2026-04-07,REWLD.MI,39.965,39.965,39.735,39.735,500
2026-04-08,REWLD.MI,40.63,40.72,40.63,40.645,411
2026-04-09,REWLD.MI,40.495,40.72,40.495,40.72,11
2026-04-10,REWLD.MI,40.635,40.745,40.635,40.71,197
2026-04-13,REWLD.MI,40.615,40.69,40.555,40.555,50
2026-04-14,REWLD.MI,40.545,41.01,40.545,41.01,218
2026-04-15,REWLD.MI,41.015,41.03,41.01,41.01,78
2026-04-16,REWLD.MI,41.2,41.435,41.2,41.435,155
2026-04-17,REWLD.MI,41.42,41.835,41.415,41.835,1621
2026-04-20,REWLD.MI,41.865,41.945,41.76,41.925,601
2026-04-21,REWLD.MI,42.04,42.04,41.525,41.525,45
2026-04-22,REWLD.MI,41.53,41.53,41.46,41.46,100
2026-04-23,REWLD.MI,41.23,41.69,41.23,41.69,355
2026-04-24,REWLD.MI,41.525,41.76,41.5,41.69,120
2026-04-27,REWLD.MI,41.46,41.46,41.39,41.39,48
2026-04-28,REWLD.MI,41.39,41.39,41.39,41.39,0
2026-04-29,REWLD.MI,41.36,41.37,41.2,41.2,649
2026-04-30,REWLD.MI,41.2,41.735,41.2,41.72,1575
2026-05-04,REWLD.MI,41.665,41.785,41.665,41.785,691
2026-05-05,REWLD.MI,41.675,42.06,41.675,41.68,198
2026-05-06,REWLD.MI,41.68,41.68,41.68,41.68,0
2026-05-07,REWLD.MI,42.255,42.285,42.055,42.055,455
2026-05-08,REWLD.MI,42.025,42.18,41.955,42.07,59
2026-05-11,REWLD.MI,41.87,42.145,41.87,42.145,30
2026-05-12,REWLD.MI,41.865,41.97,41.86,41.97,86
2026-05-13,REWLD.MI,41.84,42.085,41.84,41.965,152
2026-05-14,REWLD.MI,41.815,42.12,41.815,42.12,139
2026-05-15,REWLD.MI,41.485,41.55,41.485,41.55,27
2026-05-18,REWLD.MI,41.065,41.39,41.065,41.39,2
2026-05-19,REWLD.MI,41.39,41.39,41.39,41.39,0
2026-05-20,REWLD.MI,41.555,41.92,41.555,41.92,73
2026-05-21,REWLD.MI,42.1,42.105,42.05,42.09,267
2026-05-22,REWLD.MI,42.17,42.2,42.02,42.02,202
2026-05-25,REWLD.MI,42.495,42.495,42.495,42.495,1
2026-05-26,REWLD.MI,42.185,42.355,42.185,42.275,46
2026-05-27,REWLD.MI,42.33,42.38,42.33,42.38,4
2026-05-28,REWLD.MI,42.07,42.085,41.99,42.085,72
2026-05-29,REWLD.MI,41.83,41.83,41.775,41.775,1103
2026-06-01,REWLD.MI,41.435,41.44,41.325,41.325,258
2026-06-02,REWLD.MI,41.055,41.13,41.055,41.13,6
2026-06-03,REWLD.MI,41.13,41.13,41.13,41.13,0
2026-06-04,REWLD.MI,41.145,41.325,41.095,41.27,285
2026-06-05,REWLD.MI,41.325,41.83,41.325,41.83,14
2026-06-08,REWLD.MI,41.665,41.845,41.565,41.565,1230
2026-06-09,REWLD.MI,41.53,41.885,41.53,41.885,38
2026-06-10,REWLD.MI,42.08,42.455,42.08,42.455,821
2026-06-11,REWLD.MI,42.225,42.345,42.225,42.345,6
2026-06-12,REWLD.MI,42.46,42.7,42.37,42.7,430
2026-06-15,REWLD.MI,42.95,42.95,42.555,42.61,472
2026-06-16,REWLD.MI,42.51,42.51,42.27,42.39,1922
2026-06-17,REWLD.MI,42.39,42.39,42.39,42.39,0
2026-06-18,REWLD.MI,41.965,42.135,41.965,42.135,16
2026-06-19,REWLD.MI,42.135,42.135,42.135,42.135,0
2026-06-22,REWLD.MI,41.83,42.37,41.815,42.37,307
2026-06-23,REWLD.MI,42.3,42.88,42.3,42.88,4
2026-06-24,REWLD.MI,43.15,43.15,43.035,43.14,229
2026-06-25,REWLD.MI,43.265,43.335,43.085,43.085,66
2026-06-26,REWLD.MI,43.41,43.6,43.41,43.565,59
2026-06-29,REWLD.MI,43.525,43.525,43.3,43.3,75
2026-06-30,REWLD.MI,43.53,43.53,43.095,43.095,146
2026-07-01,REWLD.MI,42.945,43.35,42.945,43.2,17
2026-07-02,REWLD.MI,43.01,43.43,43.01,43.38,163
2026-07-03,REWLD.MI,43.36,43.415,43.36,43.415,14
2026-07-06,REWLD.MI,43.595,43.595,43.4,43.4,33
2026-07-07,REWLD.MI,43.56,43.865,43.51,43.865,843
2026-07-08,REWLD.MI,43.345,43.345,43.345,43.345,1
2026-07-09,REWLD.MI,42.925,43.285,42.895,43.285,266
2026-07-10,REWLD.MI,43.16,43.435,43.135,43.135,243
2026-07-13,REWLD.MI,43.405,43.47,43.405,43.47,50
2026-07-14,REWLD.MI,43.39,43.515,43.39,43.39,245
2026-07-15,REWLD.MI,43.745,43.745,43.48,43.48,27
2026-07-16,REWLD.MI,43.2,44.03,43.2,44.03,312
2026-07-17,REWLD.MI,44.03,44.03,44.03,44.03,0
2026-07-20,REWLD.MI,44.03,44.03,44.03,44.03,0
2026-07-21,REWLD.MI,44.145,44.42,44.145,44.42,83
2026-07-22,REWLD.MI,44.265,44.425,44.23,44.23,76
2026-07-23,REWLD.MI,44.145,44.27,44.02,44.27,796
2026-07-24,REWLD.MI,44.2,44.92,44.2,44.92,50
2026-07-27,REWLD.MI,45.155,45.155,44.985,44.985,224
2026-07-28,REWLD.MI,45.155,45.205,45.06,45.06,536
2026-07-29,REWLD.MI,44.915,44.915,44.77,44.775,54
2026-07-30,REWLD.MI,44.435,44.435,43.875,43.875,4
2026-07-31,REWLD.MI,43.93,43.93,43.785,43.785,85
2026-08-03,REWLD.MI,43.93,43.93,43.71,43.71,36
2026-08-04,REWLD.MI,43.56,43.56,43.495,43.495,49
2026-08-05,REWLD.MI,43.62,43.62,43.36,43.41,1566
2026-08-06,REWLD.MI,43.64,43.65,43.395,43.395,136
2026-08-07,REWLD.MI,43.35,43.375,43.35,43.375,3
2026-08-10,REWLD.MI,43.225,43.225,42.745,42.895,204
2026-08-11,REWLD.MI,42.82,42.82,42.685,42.685,1
2026-08-12,REWLD.MI,42.44,42.83,42.44,42.83,91
2026-08-13,REWLD.MI,43.07,43.205,43.07,43.205,2
2026-08-14,REWLD.MI,43.105,43.165,43.105,43.165,141
2026-08-17,REWLD.MI,42.99,42.99,42.8,42.815,62
2026-08-18,REWLD.MI,42.815,42.815,42.815,42.815,0
2026-08-19,REWLD.MI,42.815,42.815,42.815,42.815,0
2026-08-21,REWLD.MI,42.74,42.845,42.585,42.585,101
